tracks/artist,tracks/album,tracks/track
Mon Laferte,La Trenza,Mi Buen Amor
INTERSECTION,New Page,New Page
Aimer,Best Selection Blanc,Kataomoi
Counting Crows,Films About Ghosts: The Best Of...,"Accidentally In Love - From ""Shrek 2"" Soundtrack"
MAN WITH A MISSION,Seven Deadly Sins,Seven Deadly Sins
Alkilados,Una Cita,Una Cita
Raon Lee,My Hero Academia Op 2 - Peace Sign,My Hero Academia Op 2 - Peace Sign
Nicky Jam,Fénix,El Amante
Los Bunkers,Música Libre,Santiago De Chile
Joe Vasconcellos,Verde Cerca,Ciudad Traicionera
Reik,Des/Amor,Spanglish
Empire Cast,Original Soundtrack from Season 1 of Empire,Good Enough (feat. Jussie Smollett)
Jotdog,Celebración,Celebración
Vickeblanka,Devil,Black Catcher
Laharl Square,Requiem Der Morgenrote,Requiem Der Morgenrote
Walter Coppola,Don't Worry Child,Don't Worry Child
Chini and The Technicians,En el Fondo Todo Va Bien,Cita a Ciegas
Goran Bregović,Welcome to Goran Bregovic,"Bella ciao - Live in Rome, 2016"
The Covers Duo,Anime Openings / Endings 7,Make My Story
Kent Y Tony,No Me Llames Mas,No Me Llames Mas
Michael Jackson,XSCAPE,Love Never Felt So Good (Original Version)
Gabriela Vega,Shaman King,Over Soul
Huwie Ishizaki,Huwie Best,Pino To Ameri
Ricardo Silva,Ricardo Silva (Original Motion Picture Soundtrack),Break up Digimon 2 - Tv
Airbag,Blanco y Negro,Amor de verano
SHAYNA,Colorful World,Colorful World
Jade,Anime Entre Amigos,Sake de Binks (One Piece)
Dread Mar I,Morena,Morena
Julieta Venegas,Si,Lento
Omar Acedo,Solo Contigo,Solo Contigo
KEH,"Butter-fly (From ""Digimon"")","Butter-fly (From ""Digimon"")"
Ha*Ash,30 de Febrero,30 de Febrero
The Ready Set,The Bad & The Better,Give Me Your Hand (Best Song Ever)
Bigal & L Jake,Tu y Yo,Tu y Yo
Twenty One Pilots,Blurryface,Stressed Out
Alan Rojas,Shinzou Wo Sasageyo,Shinzou Wo Sasageyo - Versión Español
Anuel AA,Amanece,Amanece
Come & C,Clothes Off,Clothes Off
Hailee Steinfeld,HAIZ,Rock Bottom
Alkilados,El Orgullo,El Orgullo - Pop
NateWantsToBattle,Make My Story,Make My Story
Erre XI,Luny Tunes Presents ERRE XI,Carita Bonita
RADWIMPS,Your Name.,Dream lantern - English ver.
Mon Laferte,La Trenza,Flaco
Parachute,Crave,Crave
R. City,Locked Away (feat. Adam Levine),Locked Away (feat. Adam Levine)
Coti,Nunca Tendre,Nunca Tendré
SEKAI NO OWARI,ANTI-HERO,ANTI-HERO
Marala,La Dueña de Tu Amor,La Dueña de Tu Amor
Ivan Zavala,Te Sigo Esperando (feat. Valeria Baroni),Te Sigo Esperando (feat. Valeria Baroni)
Alkilados,Confesión,Confesión
MisterWives,Connect The Dots,Coloring Outside The Lines
Ana Tijoux,Vengo,Vengo
Francisca Valenzuela,Ya No Se Trata de Ti (Acoustic Version),Ya No Se Trata de Ti - Acoustic Version
Nahko And Medicine For The People,Dark As Night,Aloha Ke Akua
CHANO,Carnavalintro,Carnavalintro
Sofia Carson,Love Is the Name,Love Is the Name
Daughtry,Baptized (Deluxe Version),Battleships
Ozuna,Vaina Loca,Vaina Loca
Jotdog,Jotdog,Las Pequeñas Cosas
Agapornis,Enamórate (feat. Dvicio),Enamórate (feat. Dvicio)
Piso 21,Te Vi,Te Vi
Meghan Trainor,Title,Like I'm Gonna Lose You (feat. John Legend)
Lauren Platt,King Years and Years Cover,King Years and Years Cover
Akano,"Gurenge (From ""Demon Slayer: Kimetsu no Yaiba"")","Gurenge (From ""Demon Slayer: Kimetsu no Yaiba"")"
Los Bohemios,¡Qué Rico!,El Pirata
Farruko,Visionary,Sunset (feat. Shaggy & Nicky Jam)
Rawayana,RawayanaLand,Mamita (feat. Natalia Lafourcade)
Ismael Rivera,100 % Salsa,Mayores - Salsa
Night Tempo,杏里 - Night Tempo presents ザ・昭和グルーヴ,Remember Summer Days (Night Tempo Showa Groove Mix)
Fito Paez,La Conquista del Espacio,La Conquista del Espacio
P!nk,Beautiful Trauma,Beautiful Trauma
Aina Maro,Hot Chocolate,Hot Chocolate
Handsome Ghost,Steps,Steps
Avril Lavigne,Avril Lavigne (Expanded Edition),How You Remind Me
Wisin,Los Vaqueros: La Trilogía,Nota de Amor (feat. Daddy Yankee)
Paty Cantú,Valiente,Valiente
Aanysa,Burn Break Crash,Burn Break Crash
Thalía,Si Alguna Vez,Si Alguna Vez
Okills,Amigos,Amigos
Caloncho,Rock Millennial,Optimista
Girugamesh,INCOMPLETE,Limit Break
AmaLee,Hope (One Piece),Hope (One Piece)
Daniela Spalla,Camas Separadas,Estábamos Tan Bien
Shaggy,"I Need Your Love (Te Quiero Mas) (feat. Mohombi, Faydee & Costi)","I Need Your Love (Te Quiero Mas) (feat. Mohombi, Faydee & Costi)"
Michael Bublé,Nobody but Me,Today Is Yesterday's Tomorrow
Mando,Nos Buscamos,Nos Buscamos
Who Is Fancy,Boys Like You,Boys Like You
Maluma,Felices los 4,Felices los 4 - Salsa Version
Joel Adams,Please Don't Go,Please Don't Go
Agapornis,Agapornis - Volando Con Ritmo,Si Te Vas
Olly Murs,Right Place Right Time (Deluxe),Troublemaker (feat. Flo Rida)
Shamanes Crew,Reden-Zion,Amor Del Ghetto (feat. Ky Mani Marley)
Glup!,Welcome Polinesia,Grado 3
The Covers Duo,Anime Openings / Endings 7,Shiki No Uta
Camilo,Tutu,Tutu
BRADIO,POWER OF LIFE,真っ赤なカーチェイス
aekasora,Simple Things,almost there
Alkilados,La Bicicleta,La Bicicleta - Remix
Alejandro Fernández,Rompiendo Fronteras,Quiero Que Vuelvas
Maroon 5,Don't Wanna Know,Don't Wanna Know
Chino & Nacho,Radio Universo,Devuélveme El Amor
Kevin Roldan,Kevin Roldan (Special Edition),Una Noche Mas
Daniela Spalla,Bailando Lentos,Bailando Lentos
Miranda!,Fuerte,743
Panacea Project,"Sesiones Acusticas, Vol. 2",Addicted (feat. Monti Montanez)
ALL OFF,Refrain Boy,Refrain Boy
MisterWives,Connect The Dots,Revolution
Sandoval,Por Siempre Te Amaré,Por Siempre Te Amaré
Daichi Miura,Blizzard,Blizzard - Movie Edit - English Ver.
Calvin Harris,Funk Wav Bounces Vol.1,Hard to Love (feat. Jessie Reyez)
Woolf and the Wondershow,Cages,Cages
Brandon Flowers,Can't Deny My Love,Can't Deny My Love - Goshfather & Jinco Remix
Animelmack,Kyouran Hey Kids!!,Kyouran Hey Kids!!
Mon Laferte,Mon Laferte,Si Tú Me Quisieras
Lola Club,Lola Club,Vicio
Sublime With Rome,Sirens,Wherever You Go
Miura Jam,Kamado Tanjiro No Uta (Demon Slayer: Kimetsu No Yaiba),Kamado Tanjiro No Uta (Demon Slayer: Kimetsu No Yaiba)
Led Zeppelin,Led Zeppelin III,Immigrant Song - 2012 Remaster
Disclosure,Omen,Omen - Radio Edit
Paulina Rubio,Gran City Pop,Causa Y Efecto
NIHILS,Ultra Summer 2 (The Best In Deep and Tropical House),Help Our Souls - Urban Contact Remix
Zion & Lennox,Pierdo la Cabeza (Locombia Remix),Pierdo la Cabeza (Locombia Remix)
Kenshi Yonezu,Bootleg,Orion
NateWantsToBattle,"Gurenge (From ""Demon Slayer"")","Gurenge (From ""Demon Slayer"")"
Travis Mills,Young & Stupid,Young & Stupid
Los Vasquez,Contigo Pop y Cebolla,Qué Tienes Tú
Juan Miguel,Siento Bonito,Siento Bonito
Farruko,Farruko Presents Los Menores,Lejos De Aquí
Felix Gabriel,Love Yourself (Spanish Version),Love Yourself (Spanish Version)
Reyno,Viaje Por Lo Eterno,Nunca Me Dejes
Sebastian Yatra,Como Mirarte,Como Mirarte
LiSA,LiSA Best,Datte Atashino Hero
Najwa,Bella ciao,Bella ciao
Rombai,De Fiesta,Yo tambien
Elsa y Elmar,Rey,A La Deriva
Agapornis,Juntos,Crímenes Perfectos
David Versailles feat. Mario Guerrero,Bendita Locura,Bendita Locura
Wamba,Cómplices,Ella
Los Cadillac's,Me Marcharé (feat. Wisin),Me Marcharé (feat. Wisin)
Coti,Tanta Magia,Te Quise Tanto - En Vivo En El Gran Rex / 2015
El Otro Polo,Bajo el Sol,Bajo el Sol
Gepe,Joane,Joane
Attaque 77,Antihumano,Arrancacorazones
THE ORAL CIGARETTES,FIXION,Kyouran Hey Kids!!
NateWantsToBattle,"Haruka Mirai (From ""Black Clover"")","Haruka Mirai (From ""Black Clover"")"
Ken-Y,Princesa,Princesa
Maná,De Pies A Cabeza,De Pies A Cabeza
Life of Dillon,Prologue,Dreams
Matari,Malparida,Malparida
Aimer,Daydream,Kataomoi
Years & Years,Traps,Traps
WANIMA,Summer Trap!!,GONG
Ricky Martin,Vente Pa' Ca (feat. Wendy),Vente Pa' Ca (feat. Wendy)
Fausto Miño,Amor de Dos,Amor de Dos
Nico & Vinz,Am I Wrong,Am I Wrong
Little Mix,Black Magic,Black Magic
Marco Mares,Gris,Gris
Daniela Spalla,Amor Difícil,Amor Difícil
Alexandra Stan,We wanna (feat. Daddy Yankee),We Wanna (feat. Daddy Yankee) - Radio Edit
Laharl Square,"Inferno (From ""Fire Force"")","Inferno (From ""Fire Force"")"
Caloncho,Fruta,Palmar
Avicii,Stories,Waiting For Love
Pasabordo,Paso a Paso,El Besito
Olly Murs,Right Place Right Time (Deluxe),Oh My Goodness
Malacates Trebol Shop,A Quien Corresponda.,Luna Llena (feat. Gaby Moreno)
Coti,Esta Mañana Y Otros Cuentos,Nada Fue Un Error - Live In Spain / 2005
Any O',Vibrations,Vibrations
David Otero,Ultramar,Peces Voladores
Life of Dillon,Prologue,Toys
Matute,"Matute En Vivo, Vol. 2",So Stupid (Bonus Track)
Siddhartha,El Vuelo del Pez,Loco
Becky G,Cuando Te Besé,Cuando Te Besé
Shakey Graves,And The War Came,If Not For You
安斉かれん,人生は戦場だ,人生は戦場だ - Prod.by ats-
Clean Bandit,New Eyes,Stronger
XY&O,Low Tide,Low Tide
MANDY B.BLUE,MANDY B.BLUE #1 -Haneda International Anime Music Festival Presents-,A Cruel Angel's Thesis
Trevor Guthrie,Summertime (Remixes),Summertime - Tep No Radio Edit
Gepe,Ciencia Exacta,Hoy
SCANDAL,Honey,Take Me Out
Esteman,Rock Millennial,Noche Sensorial
Alkilados,Pura Playa,Amor a Primera Vista
Mon Laferte,Tornasol,Orgasmo para Dos
Banda Conmoción,El Derecho de Vivir en Paz,El Derecho de Vivir en Paz
Robin Schulz,Sugar (feat. Francesco Yates),Sugar (feat. Francesco Yates)
Veronica Orozco,Dónde está mi Varón?,Dónde está mi Varón?
Morrigans,Infinito,Sé incomprendido
Helian Evans,Por Si Acaso,Por Si Acaso
James Bay,Hold Back The River,Hold Back The River
Avicii,Stories,Broken Arrows
Rocko y Blasty,Fotografía,Fotografía
Raon Lee,Black Catcher,Black Catcher
J Boog,Let's Do It Again - Acoustic Mix,Let's Do It Again - Acoustic Mix
LucasPianoRoom,"Anime Piano, Vol. 1",Gold and Oden (From One Piece)
GOLDHOUSE,When I Come Home,When I Come Home
AmaLee,Nostalgia V,Sayonara Memory
Gepe,GP,Fruta y Té
Raon Lee & PelleK,Anime Favorites,"Sugar Song and Bitter Step (From ""Kekkai Sensen"")"
Agapornis,Agapornis - Volando Con Ritmo,Tú
Prince Royce,Back It Up (feat. Jennifer Lopez & Pitbull),Back It Up (feat. Jennifer Lopez & Pitbull) - Spanish Version
Marco Mares,Flaquita,Flaquita
Gepe,Timidez (feat. Natalia Lafourcade),Timidez (feat. Natalia Lafourcade)
Mando,Este Momento,Quiero estar contigo
Ricardo Silva,Música de las Sagas de Dragón Ball,"Mi Corazón Encantado (Opening ""D.B. G T."")"
Technicolor Fabrics,Aviéntame,Aviéntame
Bustamante,Vivir,Feliz
Kris Kelli,Major Riddim (Don Corleon Presents),Sunshine
NateWantsToBattle,Inferno,Inferno
Varo V,A Mi Ritmito,Hija Puta
Alx Veliz,Dancing Kizomba,Dancing Kizomba - Brian Cross Remix/Spanish Version
Maluma,ADMV,ADMV
Ha*Ash,HA-ASH Primera Fila - Hecho Realidad,Ex de Verdad - HA-ASH Primera Fila - Hecho Realidad [En Vivo]
Shamanes Crew,Reden-Zion,Lejos De Ti
Tommy Torres,Tu y Yo (feat. Daddy Yankee),Tú y yo (feat. Daddy Yankee)
Critika y Saik,Lo Que Nunca Te Dije,Cállame a Besos
Jorge Villamizar,El Día Que Vuelva,El Dictador - Somos Dos
Julieta Venegas,Si,Andar Conmigo
Aarón Emanuel,Hasta El Sol De Hoy,Hasta El Sol De Hoy
Mon Laferte,La Trenza,Yo Te Qui
Ryan Star,11:59,Start a Fire
La Isla Centeno,Déjame Pasar,Déjame Pasar
The Chainsmokers,Kanye,Kanye - Louis The Child Remix
Lalo Brito,Sentimientos Maltratados,Mientras Me Enamoras
Demi Lovato,Tell Me You Love Me,Ruin The Friendship
Jordy Jill,No Demores,No Demores
Louane,Chambre 12,Avenir
Farruko,Visionary,Obsesionado
L'Omy,Di Que Sí,Di Que Sí
Dani Barón,Junto a Ella,Junto a Ella
Come & C,I Will Be There (feat. Agapornis),I Will Be There (feat. Agapornis)
Avril Lavigne,Avril Lavigne (Expanded Edition),Bad Reputation
Kali Uchis,Tirano (feat. Fuego),Tirano (feat. Fuego)
Cheat Codes,Let Me Hold You (Turn Me On),Let Me Hold You (Turn Me On)
Vivanativa,Cuando Regrese a Casa,Cuando Regrese a Casa
AmaLee,Nostalgia VII,"Core Pride (From ""Blue Exorcist"")"
Ben Rector,Brand New,Brand New
Anna Carina,Volver a Amar (Remix) [feat. Alkilados],Volver a Amar (Remix) [feat. Alkilados]
Elsa y Elmar,Eres Diamante,Eres Diamante
Chancho En Piedra,Grandes Exitos De Ayer y Oink!!,Eligiendo Una Reina
Malacates Trebol Shop,A Quien Corresponda.,De Colores
Hello Sleepwalkers,シンセカイ,Nisshoku
UVERworld,Rob the Frontier,Rob the Frontier
Café Por Las Venas,Déjame Ser (feat. Sie7e),Déjame Ser (feat. Sie7e)
Kobasolo,これくしょん,スパークル(movie ver.) feat.春茶
DRIMS,Rock Millennial,Todas Las Chicas
Equilivre,Papel,Papel
Pasabordo,Amor Secreto,Amor Secreto
Alkilados,Pura Playa,Solitaria (feat. Dalmata)
Manuel Turizo,Una Lady Como Tú (feat. Nicky Jam),Una Lady Como Tú (feat. Nicky Jam) - Remix
Francisca Valenzuela,Tajo Abierto,Prenderemos Fuego al Cielo
Fort Minor,The Rising Tied,Remember the Name (feat. Styles of Beyond)
Gangster,Paraparap - Single,Paraparap
James Bay,Chaos And The Calm,Hold Back The River
Bacilos,Sinverguenza,Pasos de gigantes
AmaLee,ODD FUTURE,ODD FUTURE
Panacea Project,"Sesiones Acusticas, Vol. 2",Ay Vamos
Daniel Betancourth,Punto Caramelo (feat. Alkilados),Punto Caramelo (feat. Alkilados)
Conrad Sewell,Hold Me Up,Hold Me Up
FLETCHER,War Paint,War Paint
J Boog,Backyard Boogie,Let's Do It Again
Ricky Martin,Vente Pa' Ca (Remixes) (feat. Maluma),Vente Pa' Ca (feat. Maluma) - Versión Salsa
Esteman,"La Música Que Inspiró La Serie Original De Netflix, La Casa De Las Flores",Noche Sensorial
Justin Bieber,Purpose,Company
Jerau,Mi Loquita de Remate,Mi Loquita de Remate
Los Bonnitos,Fantasmas,Fantasmas
Migrantes,Suena Migrantes!,Mi Peor Error
Jamaruk,Como Te Quiero,Como Te Quiero
Dave Does Music,Fight Together,Fight Together
Charlie Puth,Some Type of Love,I Won't Tell a Soul
Foo Fighters,"Echoes, Silence, Patience & Grace",The Pretender
Avicii,Waiting For Love,Waiting For Love
AmaLee,Nostalgia V,Golden Time Lover
Caloncho,Palmar,Palmar
Marc E. Bassy,You & Me,You & Me
Akano,"Kamado Tanjirou no Uta (From ""Demon Slayer: Kimetsu no Yaiba"")","Kamado Tanjirou no Uta (From ""Demon Slayer: Kimetsu no Yaiba"") - Full Version"
Divino,Por Experiencias Propias,Pobre Corazón (salsa Mix)
Mike Bahía,Tarde,Tarde
Justin Bieber,Sorry,Sorry - Latino Remix
"Sasha, Benny y Erik",Entre Amigos,Japi - En Vivo Entre Amigos
Two Flow,Mucho Mas,No Es Igual
Fito Paez,Canciones Para Aliens,Un Beso y una Flor
Shamanes Crew,Antología,Espartaco
Juanes,Loco De Amor,Mil Pedazos
Agapornis,El Color de Tus Ojos,El Color de Tus Ojos
Guitarrista de Atena,"Memories (From ""One Piece"")","Memories (From ""One Piece"")"
Mrs. GREEN APPLE,Speaking,Speaking
Borchardt,Dulces de Menta,Dulces de Menta
Agapornis,I Will Be There (feat. ChocQuibTown),I Will Be There (feat. ChocQuibTown)
Who Is Fancy,Goodbye,Goodbye
Miranda!,Safari,Nadie como tú
SymaG,三途ノ川,世余威ノ宵
Victor Muñoz,Te Quiero Bonito (feat. Nacho),Te Quiero Bonito (feat. Nacho)
Caloncho,Bálsamo,Optimista
Daniela Spalla,Camas Separadas,Vete De Una Vez
Calum,Hey Babe!,Hey Babe!
The Chainsmokers,World War Joy,Call You Mine
Akano,"From the edge (From ""Demon Slayer: Kimetsu no Yaiba"")","From the edge (From ""Demon Slayer: Kimetsu no Yaiba"")"
DLD,Estaré,Estaré
Jonathan Young,A Cruel Angel's Thesis,A Cruel Angel's Thesis
Piva,Mala,Mala
Gusi,Contigo,Contigo - (Versión Pop)
Bruno Mars,24K Magic,Versace on the Floor
Rosario Ortega,Espuma,Espuma
Mc Brow,Legado,Freedom
Alejandro Fernández,Se Me Va La Voz,Se Me Va La Voz - Urban Remix
Absalon & Afropacífico,"A Mi Viejo, Vol. 4",Negro Negrito
Matisse,Sube,Más Que Amigos
Miguel Bosé,Colección Definitiva,El hijo del Capitán Trueno
Piso 21,Suele Suceder,Suele Suceder
Dani Del Corral,Un Pedazo de Mí,Un Pedazo de Mí
Ezra Vine,Celeste EP,Celeste
Croma Latina,Duele el Corazon (Salsa Version) [feat. Paskal],Duele el Corazon (Salsa Version) [feat. Paskal]
R5,Sometime Last Night,Smile
Xtreme,Xtreme,Te Extraño - Bachata Version
Jesse & Joy,3 A.M.,3 A.M.
TOTEM,All Falls Down - Single,All Falls Down
Joey Montana,Picky,Picky
Laharl Square,"Sayonara Moon Town (From ""Boruto: Naruto Next Generations"")","Sayonara Moon Town (From ""Boruto: Naruto Next Generations"")"
SPYAIR,MILLION,Sakuramitsutsuki
Bely Basarte,I Took a Pill in Ibiza,I Took a Pill in Ibiza
Los Vasquez,De Sur a Norte,Vuela Que Vuela
Los Hermanos Rosario,Bomba 2000,Un Beso y una Flor
Sofia Reyes,Conmigo (Rest of Your Life),Conmigo (Rest of Your Life)
MisterWives,Same Drugs,Same Drugs
Caloncho,Bálsamo,Brillo Mio
La Hawaiian,Cold Water,Cold Water
Bacilos,Por Hacerme el Bueno,Por Hacerme el Bueno
Los Rodriguez,Sin Documentos,Sin Documentos
Charlie Puth,Attention,Attention
Abraham Mateo,Are You Ready?,I'm Feeling so Good (feat. CD9)
Anthem Lights,Wildest Dreams,Wildest Dreams
3年E組うた担(渚&茅野&業&磯貝&前原),バイバイ YESTERDAY,バイバイ YESTERDAY - TVsize
Morat,Presiento,Presiento
Jesse & Joy,Soltando Al Perro,Corazón De Campeón
Moxie Raia,I Love It When You Cry,I Love It When You Cry
Los Pericos,Pura Vida,Pianito
Daniela Spalla,Camas Separadas,Estábamos Tan Bien
Pablo Benegas,Calcomania,Calcomania
Cahoots,Summer Clothes,Summer Clothes
Shawn Mendes,If I Can't Have You,If I Can't Have You
Reik,Un Dia Mas (Edicion Especial),Vuelve a Mí
AmaLee,Lifelight,Lifelight
Raon Lee,Gurenge (Demon Slayer: Kimetsu no Yaiba Op),Gurenge (Demon Slayer: Kimetsu no Yaiba Op)
Agapornis,Juntos,La Melodía de Dios
Elevador,No Es Normal,No Es Normal
Carlos Rivera,Yo Creo,Quedarme Aquí
Maluma,Sin Contrato (feat. Fifth Harmony),Sin Contrato (feat. Fifth Harmony)
Panic! At The Disco,Pray for the Wicked,"Hey Look Ma, I Made It"
Panic! At The Disco,Death of a Bachelor,LA Devotee
Shawn Hook,Sound of Your Heart,Sound Of Your Heart
balloon,Corridor,Charles(self cover)
Ken-Y,Como Lo Hacia Yo (Official Remix),Como Lo Hacia Yo (Official Remix)
Gabrielle Aplin,Miss You,Miss You
Rosario Ortega,Otro Lado,Otro Lado
Quique Neira,MIL Canciones,Sin Ti (feat. Quique Neira)
Julieta Venegas,Algo Sucede,"Buenas Noches, Desolación"
La Melodia Perfecta,Sobrenatural,Te Contare
French Montana,Unforgettable (feat. Swae Lee),Unforgettable (feat. Swae Lee) - Latin Remix
Ana Mena,No Soy Como Tú Crees,No Soy Como Tú Crees
Michele Grandinetti,Me And My Broken Heart,Me And My Broken Heart
Rhose,Vol. III,Up Tempo
Fito Paez,Aleluya al Sol,Aleluya al Sol
Shiro Sagisu,Neon Genesis Evangelion (Original Series Soundtrack),A Cruel Angel's Thesis - Director's Edit Version
Quique Neira,Cover Me,Pensando En Ti
Aura,Aura,Eres para Mi
Jesse & Joy,Lo Nuestro Vale Más,Lo Nuestro Vale Más
Luis Fonsi,Despacito (Featuring Daddy Yankee),Despacito (Featuring Daddy Yankee)
AmaLee,Nostalgia,"Freckles / Sobakasu (From ""Rurouni Kenshin"")"
Ed Sheeran,Beautiful People (feat. Khalid),Beautiful People (feat. Khalid)
CNCO,Primera Cita,Cien
Victor Muñoz,Mi Felicidad,Mi Felicidad
PANDA,Amantes Sunt Amentes,Los Malaventurados No Lloran
Mojito Lite,Nada Es Demasiado,Quemando Amor
Daniel Huen,Inevitable,En mi boca
Maluma,El Perdedor (feat. Yandel),El Perdedor (feat. Yandel) - The Remix
Francisca Valenzuela,Buen Soldado,Quiero Verte Más
Jordan Bratton,YOUTH,Victoria
Movimiento Original,Teorema,Natural
Kygo,Stay (feat. Maty Noyes),Stay (feat. Maty Noyes)
Los Tres,Los Tres,Un Amor Violento
Christian Daniel,Me Vuelvo un Cobarde (Bachata) - Single,Me Vuelvo un Cobarde (Bachata)
Rombai,De Fiesta,Locuras contigo
Camila Luna,Siento (AR Ferdinand Remix),Siento (AR Ferdinand Remix)
Las Marti,Mas Acaramela'o,Sucio Perro
Nano William,"Sigue tu camino (feat. Crow ""El Legendario"")","Sigue tu camino (feat. Crow ""El Legendario"") - Radio Edit"
Costera,Camino A Marte,Vuelta Atrás
balloon,Corridor,mabel(self cover)
Childish Gambino,Because The Internet,"III. Telegraph Ave. (""Oakland"" by Lloyd)"
Panic Is Perfect,Behind Your Eyelids,Go Go Go
Camila,Elypse,De Venus
Mando,Me Despido,Me Despido - Remix
Luis Fonsi,Despacito,Despacito - Versión Salsa
Irmao,Buzón De Voz,Buzón De Voz
Robert de Boron,Nostalgic,Jenny
El Roockie,Hoy que no Estas,Hoy que no Estas
Jade,La Voz Más Dulce del Anime y Comic,Olvida la Amargura (Ranma 1/2) - De Película
Luis Enrique,Ciclos,Yo No Sé Mañana
Little Jesus,Carretera Internacional,Carretera Internacional
Natalia Lacunza,olvídate de mí,olvídate de mí
New Politics,Vikings,Girl Crush
PelleK,Evolution of Anime Openings,"Brand New World (From ""One Piece"")"
FLETCHER,War Paint (Young Bombs Remix),War Paint (Young Bombs Remix)
Kobasolo,TOKYO GENOCIDE CITY,TOKYO GENOCIDE CITY
Liz Moriondo,Throw Ya Back,Throw Ya Back
NateWantsToBattle,Flyers,Flyers
Camilo,No Te Vayas,No Te Vayas
Cheat Codes,Sex,Sex
Becky G,Mayores,Mayores - Urban Tropical
BRADIO,POWER OF LIFE,腰振る夜は君のせい
Los Fabulosos Cadillacs,Vasos Vacíos,Matador - Remasterizado 2008
Paulina Rubio,Pau Factor,Ni Una Sola Palabra
Diego Boneta,The Warrior,The Warrior
Nordex,99.9 (Mob Psycho 100 II),99.9 (Mob Psycho 100 II)
Cloudjumper,You Say Run (Orchestral Arrangement),You Say Run (Orchestral Arrangement)
Los Mesoneros,Pangea,Te Lo Advertí
The.madpix.project,Liquid Blue,Liquid Blue
Zoé,Rock Millennial,Fin De Semana
Echosmith,Cool Kids,Cool Kids - RAC Mix
Ed Sheeran,Shape of You,Shape of You
Fifth Harmony,Work from Home,Work from Home
Reyno,Viaje Por Lo Eterno,Dos Mundos
Camila,Elypse,Tu Tiempo Ya Se Fue
Los Rumberos,Vuelve a la Vida,Empezar de Cero
Agapornis,Dale Tu Amor (feat. El Polaco),Dale Tu Amor (feat. El Polaco)
Gabriela Vega,Shaman King,Northern Lights
Shamanes Crew,Reden-Zion,Se Libre (feat. Movimiento Original)
Rigeo,La Sin Nombre,La Sin Nombre - Radio Edit
Kalimba,Cena para Desayunar,Estrellas Rotas
Reik,Reik,Noviembre Sin Ti
Jason Richards,I'm Fading Away,Slowly Drifting
Zoé,Prográmaton Revisitado,Andrómeda - Poolside Remix
RADWIMPS,Your Name.,Sparkle - English ver.
Daughtry,Baptized (Deluxe Version),I'll Fight
Mau y Ricky,Mi Mala,Mi Mala - Remix
Childish Gambino,Kauai,Sober
Mon Laferte,Mon Laferte,El Diablo
Dua Lipa,Dua Lipa,IDGAF
Nicky Jam,Hasta el Amanecer,Hasta el Amanecer - The Remix
Charly Black,Gyal You A Party Animal,Gyal You A Party Animal - Remix
Charlie Puth,Nine Track Mind,We Don't Talk Anymore (feat. Selena Gomez)
Río Roma,"Te Quiero Mucho, Mucho","Te Quiero Mucho, Mucho"
Mon Laferte,Mon Laferte,Tu Falta De Querer
LunchMoney Lewis,Whip It! (feat. Chloe Angelides),Whip It! (feat. Chloe Angelides)
Sanalejo,Sufriendo por Amor,Sufriendo por Amor
Los Amigos Invisibles,Repeat After Me,La Que Me Gusta
Lewis Capaldi,Divinely Uninspired To A Hellish Extent,Someone You Loved
Los Cadillac's,Ponte Pa´ la Foto (feat. Alexis Y Fido),Ponte Pa´ la Foto (feat. Alexis Y Fido)
Britt Nicole,THE REMIXES,Ready Or Not - Phenomenon Remix By Soul Glow Activatur
Manu Manzo,Como Soy,El Sueño Más Urgente
V-One,Aquí Me Quedo,Aquí Me Quedo
Tan Bionica,Hola Mundo,Un Poco Perdido
Love of Lesbian,Cuentos Chinos para Niños del Japón,La Niña Imantada
GIRLFRIEND,HOUSE,sky & blue
Virginia To Vegas,We Are Stars,We Are Stars
Luis Fonsi,Despacito Feat. Justin Bieber,Despacito - Remix
AmaLee,Nostalgia VII,"Ashita Wo Narase (From ""Fairy Tail"")"
Guaco,Presente Continuo,Baja
Axel,Desequilibrio,Mi Corazón Es Tuyo
Salta La Banca,Copla,Ellos
ASIAN KUNG-FU GENERATION,Sol-Fa,Rewrite - 2016 Rerecorded
Mat Kearney,JUST KIDS,Heartbeat
Carlos Sadness,Groenlandia & Houdini,Groenlandia
Daichi Miura,BEST,IT'S THE RIGHT TIME
BRADIO,FREEDOM,All I Need Is You
Mägo de Oz,"Hechizos, pócimas y brujería",H2Oz
Nano Stern,Los Espejos,Azul
Ballyhoo!,Daydreams,Walk Away
AmaLee,Make My Story,Make My Story
The Covers Duo,Anime Openings 1,Sobakasu (Samurai X)
Mon Laferte,Mon Laferte,Amor Completo
Covi Quintana,Amor Amor,Amor Amor
Juan Ingaramo,Músico,Matemática
Joe Vasconcellos,El Vuelo,El Vuelo
Andrés Calamaro,Alta Suciedad,Flaca
Diego Torres,MTV Unplugged,Sueños (with Julieta Venegas) - MTV Unplugged
Hiroshi Kitadani,OVER THE TOP,OVER THE TOP
Gemeliers,Yo No Contaba Contigo,Yo No Contaba Contigo
Lil Silvio,Versatilidad & Vivencias (Deluxe Edition),Que Tengo Que Hacer
J Balvin,Ginza,Ginza - Remix
Wamba,Cómplices,Jamás Atrás
Matt Hunter,Mas Que Tu Amigo,Mas Que Tu Amigo
Erik Rubin,Erik Rubin,Malas Intenciones
Tor Miller,Carter & Cash,Carter & Cash
Madvanna,Giros,Giros
Nicolas Mayorca,Todo Por Su Amor,Todo Por Su Amor
Wisin,Los Vaqueros: La Trilogía,Que Se Sienta el Deseo (feat. Ricky Martin)
El Vega Life,La Vida Es Muy Bonita - Single,La Vida Es Muy Bonita
Orquesta Olympus,Orquestas de Galicia,¿Por Qué Les Mientes?
Dillon Francis,"Money Sucks, Friends Rule",Love in the Middle of a Firefight (feat. Brendon Urie)
Mrs. GREEN APPLE,ENSEMBLE,アウフヘーベン
Mon Laferte,Rock Millennial,El Beso
Taichi Mukai,リセット,リセット
Bruno Mars,Unorthodox Jukebox,When I Was Your Man
Kaptan,Anywhere We Go - Single,Anywhere We Go
The Chainsmokers,Closer (Remixes) (feat. Halsey),Closer (feat. Halsey) - R3hab Remix
Afrojack,SummerThing!,SummerThing!
Mike Bahía,Perdón,Perdón
Reik,Ráptame,Ráptame
Ed Sheeran,I Don't Care (with Justin Bieber),I Don't Care (with Justin Bieber)
The Covers Duo,Anime Openings 2,Quiero Gritar Te Amo (Slam Dunk)
Paramore,After Laughter,Hard Times
Noche de Brujas,Desnudos,Debería Odiarte
Piso 21,Ubuntu,Déjala Que Vuelva (feat. Manuel Turizo)
De Saloon,Abrázame,Dejalo
Ana Tijoux,La Bala,Sacar la Voz
ERICK LEXI,Sin Nada,Pa' Bailar
Angélica Rahe,Pa' Lante,Pa' Lante
Avicii,The Days / Nights,The Nights
Batido de Coco,No Nos Ven,No Nos Ven
Shawn Mendes,Handwritten,Stitches
Ximena Sariñana,No todo lo puedes dar,Ruptura
Motohiro Hata,Documentary,透明だった世界
Juan Alcaraz,A Puro Dolor,A Puro Dolor - Radio Version
Jay y el Punto,"Grandes Éxitos, Vol. 1",Te Quiero de Verdad - Salsa
Bombai,El Teatro de los Sueños,El Teatro de los Sueños
Flo Rida,"I Don't Like It, I Love It (feat. Robin Thicke & Verdine White)","I Don't Like It, I Love It (feat. Robin Thicke & Verdine White) - Kasum Remix"
Down With Webster,Party For Your Life,Chills
Pitbull,Por Favor,Por Favor
Agapornis,Agapornis - Volando Con Ritmo,En El Muelle De San Blas
須田景凪,porte,veil
Tunacola,Tunacola,Primavera Now
Jonas Blue,Perfect Strangers,Perfect Strangers
Pedropiedra,Amar en Silencio,Amar en Silencio
Linked Horizon,Shoukei to Shikabane no Michi [TV Size],Shoukei to Shikabane no Michi [TV Size]
Coti,Solamente Vos,Solamente Vos
Robin Thicke,Back Together,Back Together
Nicky Jam,El Amante,El Amante
Hoja de Parra,Algo mas,Rumbos
Greeicy,Amantes,Amantes - Versión Salsa
Sanluis,Se Acabó (feat. Chino & Nacho),Se Acabó (feat. Chino & Nacho)
NateWantsToBattle,Gamushara,Gamushara
Pasabordo,Por Ti,El Calendario
RADWIMPS,Your Name.,Zenzenzense - English ver.
Juan Magán,Quiero Que Sepas,Quiero Que Sepas
Alice True Colors,Caribe,Caribe
Miranda!,Fuerte,Cálido y Rojo
The Maine,American Candy,English Girls
Plain White T's,American Nights,Pause
Daughtry,Baptized (Deluxe Version),Wild Heart
Natti Natasha,Criminal,Criminal
Mauricio Rivera,Si la Ves feat. Xantos (feat. Xantos),Si la Ves (feat. Xantos)
Mando,Suéltate,Suéltate
Francisca Valenzuela,Buen Soldado,Qué Sería
Ely Guerra,Rock Millennial,Quiéreme Mucho
Paulina Rubio,Gran City Pop,Ni Rosas Ni Juguetes
Paulina Rubio,"La Música Que Inspiró La Serie Original De Netflix, La Casa De Las Flores",Lo Haré Por Ti
Us The Duo,Us,Never Gonna Leave You
Juan Magán,The King Is Back,He Llorado (Como Un Niño)
BIGBANG,MADE,LOSER
Daddy Yankee,La Rompe Corazones,La Rompe Corazones
COOL JOKE,UNDO -8years later-,UNDO -8years later-
Monsieur Periné,Caja De Música (Edición Especial),Nuestra Canción (feat. Vicente García)
Gabriela Vega,Shaman King,Tamashii Kasanete
Gepe,Ciencia Exacta,Abrir la Puerta
Croni-K,Me da Igual (feat. Yei),Me da Igual (feat. Yei)
Makayla Phillips,「僕のヒーローアカデミア THE MOVIE ヒーローズ:ライジング」オリジナルサウンドトラック,Might⁺U
G-Force Drivers,Can't Stop Dancing (I Just Keep Moving),Can't Stop Dancing
Michael Bublé,Nobody but Me,Someday (feat. Meghan Trainor)
Namie Amuro,Uncontrolled,Fight Together
Joe Vasconcellos,La Joya del Pacífico (En Samba),La Joya del Pacífico - En Samba
#TocoParaVos,Algo más,Algo más
Jazmín Solar,Marilyn Sesión en Vivo,Marilyn Sesión en Vivo
L'Omy,Móntate En El Patín! Vol. 1,Todavía
Renny,Ay Amor (feat. Joey Montana),Ay Amor (feat. Joey Montana)
Masaki Suda,Play,Sayonara Elegy
Fonseca,Por Pura Curiosidad,Por Pura Curiosidad
LISTENBEE,Save Me (feat. Naz Tokio),Save Me (feat. Naz Tokio)
Farruko,Visionary,Never Let You Go (feat. Pitbull)
James Arthur,Back from the Edge,Can I Be Him
FLOW,FLOW the Best Anime Sibari,7 -Seven-
Juan Pablo Vega,El Rincón,El Rincón
Mrs. GREEN APPLE,Mrs. GREEN APPLE,In the Morning
Piso 21,Piso 21,Correr el Riesgo - Remix
Juan Magán,The King Is Back,He Llorado (Como Un Niño)
Adelitas Way,Adelitas Way,Invincible
Hunter Hunted,Ready For You,Ready For You
Robert de Boron,Nostalgic,Carry On
Gondwana,This Is Crucial Reggae,Sentimento Original
Reik,Peligro,Peligro
Manuel Medrano,La Mujer Que Bota Fuego (feat. Natalia Jiménez),La mujer que bota fuego (feat. Natalia Jiménez)
The Chamanas,Fronterizo,Purple Yellow Red and Blue
Los Prisioneros,Pateando Piedras,El Baile de los Que Sobrán
The Natural,Love Overdose,Dance Like Nobody's Watching (feat. Pip Andrew)
Yotuel,Suerte,Suerte
Sanalejo,No lo Hagas,Me Gusta
Coti,Tu Gloria,Tu Gloria
Becky G,Can't Stop Dancin' (feat. J. Balvin),Can't Stop Dancin' (feat. J. Balvin) - J Balvin Remix
La Santa Cecilia,Amar Y Vivir,Como Dios Manda - En Vivo
The Weeknd,Often,Often
Juanes,Loco De Amor,Loco De Amor
Elsa y Elmar,Eres Diamante,Ojos Noche
Masayoshi Yamazaki,ALL SONGS MUST PASS -Office Augusta 20th Anniversary BEST-,"One more time, One more chance"
Los Amigos Invisibles,Commercial,Mentiras
Cecilia Krull,My Life Is Going On (Música Original De La Serie De TV La Casa De Papel / Money Heist),My Life Is Going On - Música Original De La Serie De TV La Casa De Papel / Money Heist
Lost Frequencies,Are You With Me,Are You with Me - Freejak Radio Edit
J Alvarez,El Movimiento: The Mixtape,Junto al Amanecer (Salsa Version)
Miura Jam,Ame Ga Furu Kara Niji Ga Deru (Nanatsu No Taizai),Ame Ga Furu Kara Niji Ga Deru (Nanatsu No Taizai)
Mi Sobrino Memo,Cuando Fuimos Nada,Cuando Fuimos Nada
Peter Hollens,Budapest,Budapest
The Weeknd,Can’t Feel My Face,Can't Feel My Face
Raon Lee & PelleK,Anime Favorites,"Silhouette (From ""Naruto Shippuden"")"
Justin Timberlake,"CAN'T STOP THE FEELING! (Original Song from DreamWorks Animation's ""TROLLS"")","CAN'T STOP THE FEELING! (Original Song from DreamWorks Animation's ""TROLLS"")"
Maluma,Corazón,Corazón
aekasora,Simple Things,to reach a person
Sie7e,Relax,A Prueba De Amor
Natalia Lafourcade,Hasta la Raíz,Mi Lugar Favorito
Isaiah,It's Gotta Be You,It's Gotta Be You
Elsa y Elmar,Rey,Planeando el Tiempo
Raon Lee,Gamushara,Gamushara
Rajiv Dhall,Just Can't Let Her Go,Just Can't Let Her Go
Soy Irracional,Más Fuego al Movimiento,Más Fuego al Movimiento
Sebastian Yatra,Como Mirarte (Full Band Version),Como Mirarte (Full Band Version)
CNCO,Quisiera,Quisiera
Carlos Vives,Más + Corazón Profundo Tour: En Vivo Desde la Bahía de Santa Marta,"La Tierra del Olvido (feat. Fanny Lu, Fonseca, Maluma, Andrea Echeverri, Cholo Valderrama, Coral Group & Herencia de Timbiquí) - 2015"
The Score,Oh My Love,Oh My Love
Jade,La Voz Más Dulce del Anime y Comic,Amor Platónico (Ranma 1/2) - De Película
Miss Caffeina,Átomos dispersos,Átomos dispersos
Ves Tal Vez,Ves Tal Vez,Swing a la Diabla
EMPiRE,RiGHT NOW,RiGHT NOW
Gepe,Ciencia Exacta,Hablar de Ti
Shamanes Crew,Antología,Amor De Luto
Marco Mares,La Ola,La Ola
CeeLo Green,Sign Of The Times,Sign of the Times
ZAYN,PILLOWTALK,PILLOWTALK
The Wombats,The Wombats Proudly Present... This Modern Glitch,Tokyo (Vampires & Wolves)
Los Bunkers,Música Libre,El Necio
Sanalejo,Seguir Latiendo,A Paso Lento
Daniela Spalla,Copy Paste,Copy Paste
Piso 21,Ubuntu,Puntos Suspensivos
Sam Smith,In The Lonely Hour,I'm Not The Only One
filous,How Hard I Try (feat. James Hersey),How Hard I Try (feat. James Hersey) - RAC Mix
Migrantes,Suena Migrantes!,Propuesta Indecente
Miranda!,Cálido y Rojo (with Carlos Sadness),Cálido y Rojo (with Carlos Sadness)
Jesse & Joy,Un Besito Más,3 A.M. (feat. Tommy Torres)
Pasabordo,Por Ti,Cantinero
Connell Cruise,Into The Wild,Into The Wild
"Sasha, Benny y Erik",Vuelta al Sol,Una y Mil Veces
Diego Torres,Buena Vida,La Vida Es un Vals
Eleven Past One,The World Is Ours,The World Is Ours
Salomé Anjarí,Zankoku Na Tenshi No Thesis (From Evangelion),Zankoku Na Tenshi No Thesis (From Evangelion)
Nano Stern,La Cosecha,Carnavalito Del Ciempies
Ellie Goulding,Delirium,Something In The Way You Move
Ed Sheeran,÷,Dive
Coti,Días,Días
Alex Goot,Stitches,Stitches
Hozier,Hozier,Take Me to Church
Jade,"Star Talent Anime Concert, Vol. 1",Mikami la Cazafantasmas
OMI,Cheerleader (feat. Nicky Jam),Cheerleader (feat. Nicky Jam) - Felix Jaehn Remix
"Sasha, Benny y Erik",Entre Amigos,Todo Tiene Su Lugar - En Vivo Entre Amigos
Don Omar,King Of Kings 10th Anniversary,Te Quiero Pa´Mi
Franda,Canción de Amor,Canción de Amor
Los Prisioneros,"Musicos, Poetas Y Locos",Estrechez De Corazón
Marama,Vive y Disfruta,Vive Y Disfruta
Silvestre Dangond,Materialista (feat. Nicky Jam),Materialista (feat. Nicky Jam)
Raon Lee,Black Clover Op3 - Black Rover,Black Clover Op3 - Black Rover
Kevin Karla & La Banda,Animales (Remix) [feat. Domac],Animales (Remix) [feat. Domac]
Rio Bossa Trio,Big Girls Don't Cry,Big Girls Don't Cry - Bossanova
Diplo,Be Right There,Be Right There
Jesús Navarro,Quédate Conmigo,Quédate Conmigo
Yandel,Dangerous,Encantadora
Chancho En Piedra,Grandes Exitos De Ayer y Oink!!,El Impostor
Reality,Reality,Reality
Jesse & Joy,Un Besito Más,Dueles
MAX,Love Me Less (feat. Quinn XCII),Love Me Less (feat. Quinn XCII)
VI-EM,Canta,#Canta
Funky,Indestructible,Eres Mi Bendicion (feat. Alex Zurdo)
Dr Velasquez,Tu Volveras,Tu Volveras
BRADIO,POWER OF LIFE,Chocolate Flavor
Phoebe Ryan,Mine EP,Mine (feat. Skizzy Mars) - Michael Keenan Remix
Julieta Venegas,Limon Y Sal,Limón y Sal
Atlas Genius,Molecules,Molecules - Single Version
Axwell /\ Ingrosso,Sun Is Shining,Sun Is Shining
Years & Years,Communion,Ties
Charlie Puth,We Don't Talk Anymore,We Don't Talk Anymore - Lash Remix
Victor Muñoz,Minutos (Edición de Oro),Tu Guardián (Versión Remix Merengue)
Cristian Báez,Déjame Ser,Déjame Ser
Hilary Duff,Breathe In. Breathe Out.,My Kind
Paulino Monroy,Larga Duración,Tú Y Yo Y Ya
Frad,First Date,First Date
Gusi,Tú Tienes Razón - EP,Tú Tienes Razón - Versión Urbana
Chayanne,En Todo Estaré (Deluxe Edition),Madre Tierra (Oye)
Jimmy Cruz,Ábreme Tu Corazón,Darte un Beso (Salsa Version)
KANA-BOON,Time,Silhouette
Reik,Un Dia Mas (Edicion Especial),Inolvidable
Romeo Santos,Golden,Bella y Sensual
W24,Love Me,Love Me
Natalie Taylor,Wildfire,Wildfire
Kenshi Yonezu,Lemon,Lemon
Sublime With Rome,Wherever You Go - Single,Wherever You Go
CD9,Para Siempre (All the Way) (feat. Abraham Mateo),Para Siempre (All the Way) (feat. Abraham Mateo)
RudeManners,The Last Cherry Blossom,The Last Cherry Blossom
Juan Magán,He Llorado (Como Un Niño),He Llorado (Como Un Niño) - Lafame Salsa Rmx
Juan Luis Guerra 4.40,Todo Tiene Su Hora,Muchachita Linda
Soda Stereo,En el Séptimo Día (SEP7IMO DIA),En el Séptimo Día (SEP7IMO DIA)
Coti,Lo Dije Por Boca De Otro,Color Esperanza
Emcidues,Distante - Single,Distante
L'Omy,Móntate En El Patín! Vol. 1,Toda
Sam Smith,In The Lonely Hour,Latch - Acoustic
Wamba,Cómplices,Criminales
Daddy Yankee,Sígueme Y Te Sigo,Sígueme Y Te Sigo
Timeflies,Worse Things Than Love,Worse Things Than Love
The Griswolds,Be Impressive,Beware the Dog
Jean Carlos Canela,Un Mi Sin Ti (feat. Chacal & Yakarta),Un Mi Sin Ti (feat. Chacal & Yakarta)
Sublime With Rome,Sirens,Wherever You Go
Years & Years,Communion,Shine
MisterWives,Our Own House,Box Around The Sun
Klandestinos,En Vivo en Pasión,"Piensa en Mí, Llora por Mí"
AtellaGali,Close To Your Love,Close To Your Love - AtellaGali Vs Vicka Official Remix/Radio Edit
Luis Fonsi,8,Tentación
Vetusta Morla,Mapas,Los Días Raros
Raon Lee,KINNIKUMAN 2 OP 1 - Zil Poong Ka Do,KINNIKUMAN 2 OP 1 - Zil Poong Ka Do - Korean Version
Mau y Ricky,Para Aventuras y Curiosidades,La Boca
Bacilos,Sinverguenza,Porque brillamos
Schuster,We Can Dance,We Can Dance
Jesse & Joy,More Than Amigos,More than amigos - Radio Edit
Years & Years,Worship,Worship
Reik,Ahora,Amigos Con Derechos
Olly Murs,Right Place Right Time (Deluxe),Hey You Beautiful
Obie Bermudez,#Cambios,Vida de Colores
"Sasha, Benny y Erik",Vuelta al Sol,Japi
VI-EM,Canta,Piel Canela - Mambo Version
Mi Sobrino Memo,Mi Desastre Favorito ( モカフラッペ ),Mi Desastre Favorito ( モカフラッペ )
JENCARLOS,Bajito,Bajito - Remix
LAGOS,Reset,Reset
Fancy Reagan,Knock Me Out,Knock Me Out
NateWantsToBattle,"Black Catcher (From ""Black Clover"")","Black Catcher (From ""Black Clover"")"
Paty Cantú,Valiente,Valiente - AtellaGali Remix
Mike Diamondz,Girl I Want You,Girl I Want You - Radio Edit
Nick Bolt,Demonios,Peligroso
Miura Jam,99.9 (Mob Psycho 100 II),99.9 (Mob Psycho 100 II)
Manuel Turizo,Sola,Sola
Escarlata,La Oveja Negra,La Oveja Negra
Mrs. GREEN APPLE,どこかで日は昇る,どこかで日は昇る
Dr. Bellido,La conocí bailando (feat. K-Narias),La conocí bailando (feat. K-Narias) - Radio Edit
kankakupiero,落書きペイジ,落書きペイジ
Kewin Cosmos,Calma,Calma
Peter Breiner,Greatest Movie Classics,Laputa (excerpts) (arr. P. Breiner)
Daniel Huen,Inevitable,Testamento
Christina Grimmie,The Complete Season 6 Collection,Somebody That I Used To Know - The Voice Performance
Kurt Hugo Schneider,Shut Up And Dance,Shut Up And Dance
Ozuna,Odisea,Síguelo Bailando
Glup!,Welcome Polinesia,Enamorado De Ti
Elsa y Elmar,Rey,Exploradora
Miho Fukuhara,Something New,WASABI GREEN
VI-EM,Fuiste un Amor de Verano,Fuiste un Amor de Verano
Lelé,Tiempo de Amar,Tiempo de Amar
Sam Feldt,Show Me Love,Show Me Love
Hello Sleepwalkers,Liquid Soul and Solid Blood,Hyakki Yakou
Motel,Sólo el Amor Lastima Así,Sólo el Amor Lastima Así
Rae Morris,Skin - EP,For You
Estela Martin,All I Want Is You,All I Want Is You
Kat Dahlia,Crazy (Remix) (feat. Gocho),Crazy (Remix) (feat. Gocho)
Alkilados,Pura Playa,Confesión (feat. Pasabordo)
Ana Tijoux,Vengo,Mi Verdad
MAGIC!,Lay You Down Easy (feat. Sean Paul),Lay You Down Easy (feat. Sean Paul)
Jhoni The Voice,Bonita (Down 4 Me Remix) [feat. Kevin Roldan],Bonita (Down 4 Me Remix) [feat. Kevin Roldan]
Lasso,Diferente,Diferente
Joe Vasconcellos,Banzai,Si Te Contara
Masayoshi Yamazaki,ROSE PERIOD,"One more time,One more chance - 1994 DEMO TRACKS Ver."
Jordan,Éxitos del Sound,La Temporera / Te Amaré / De Aky Pa Ya / Y Ahora Regresas - Mix Sound 2
Dread Mar I,En el Sendero,Laberintos
Sonny Alven,Irregular Love,Irregular Love
Sebastian Yatra,My Only One (No Hay Nadie Más),My Only One (No Hay Nadie Más)
Becky G,Sin Pijama,Sin Pijama
Twenty One Pilots,Blurryface,Tear in My Heart
Yuridia,6,Ya Es Muy Tarde
AmaLee,Nostalgia IV,Goya no Machiawase (Noragami)
Adele,Hello,Hello
Goran Bregović,Champagne for Gypsies,Bella Ciao
North of Nine,Can It Be You?,Can It Be You?
Fanny Lu,El Perfume,El Perfume
みゆな,天上天下,天上天下
Reik,Reik,Qué Vida la Mía
La Mosca,La fiesta continúa,En la próxima vida
Los Vasquez,Contigo Pop y Cebolla,Miénteme una Vez
Maldita Nerea,Mira Dentro,"No Pide Tanto, Idiota"
Dread Mar I,En el Sendero,Entre Tus Brazos
Reik,Amigos Con Derechos,Amigos Con Derechos - Versión Pop
Daniela Spalla,Camas Separadas,Insomnio
Coti,Lo Dije Por Boca De Otro,Andar Conmigo
Noel Schajris,Dime (feat. Reik),Dime (feat. Reik)
Yamal and George,Cómo Olvidarte,Cómo olvidarte
Miguel,Coco,Remember Me (Dúo)
Francisca Valenzuela,Tajo Abierto,No Esperen Mi Regreso
Panic! At The Disco,Death of a Bachelor,Death of a Bachelor
The Covers Duo,Anime Openings 1,Butterfly (Digimon)
Agapornis,Agapornis - Volando Con Ritmo,Someone Like You
Bely Basarte,Covers Vol. I,Can't Feel My Face
Danny Fornaris,Anillos de Saturno (feat. Jani Sánchez),Anillos de Saturno (feat. Jani Sánchez)
Pablomora,Lagarto Amarillo,Cuenta Hasta Diez
Joey Montana,Suena El Dembow,Suena El Dembow
Fuera del Resto,Fuera Del Resto,Dime Cuantas Veces
Sonoras Mil,Sonoras Mil,Sereno Desespero
J Boog,See Her Again - Single,See Her Again
Pentatonix,Pentatonix (Deluxe Version),Sing
Salomé Anjarí,Get Along (Los Justicieros Opening),Get Along (Los Justicieros Opening)
Ed Sheeran,Shape of You (feat. Zion & Lennox),Shape of You (feat. Zion & Lennox) - Latin Remix
Miura Jam,Over the Top (One Piece),Over the Top (One Piece)
KAROL G,Tusa,Tusa
AmaLee,Nostalgia VII,"Melissa (From ""Full Metal Alchemist"")"
Chancho En Piedra,La Porcina Comedia: Paraíso,Cóndor - En Vivo Teatro Caupolican (14/08/2012)
Ricardo Silva,"Star Talent Anime Concert, Vol. 1",Cha-La Head Cha-La
Ventino,Apaga Y Vámonos,Apaga Y Vámonos
Hiroyuki Sawano,"TV Anime ""Attack on Titan Season 2"" (Original Soundtrack)",Call of Silence
Juan Ingaramo,Best Seller,Fuego y Pasión
Caibo,"Te Amo, Te Extraño","Te Amo, Te Extraño"
Aaron Montalvo,Dragon Ball GT,Mi Corazón Encantado
Dave Does Music,Jungle P,Jungle P
MEDUZA,Piece Of Your Heart,Piece Of Your Heart
Tommy Torres,Ven (feat. Gaby Moreno),Ven (feat. Gaby Moreno)
Maldita Nerea,Mucho + Facil,La Respuesta No Es la Huida
Bea Miller,Not An Apology,Fire N Gold
Salta La Banca,Ellos - En El Gran Rex,Ellos - En El Gran Rex
Maroon 5,Girls Like You (feat. Cardi B),Girls Like You (feat. Cardi B)
BRADIO,FREEDOM,KAMISAMA
Dave Does Music,Believe,Believe
Mike Bahía,Yo Soy,Sola Bonita
Chancho En Piedra,Grandes Exitos De Ayer y Oink!!,Condor
Ed Sheeran,No.6 Collaborations Project,Remember The Name (feat. Eminem & 50 Cent)
Echosmith,Talking Dreams,Cool Kids
The Covers Duo,"Anime Openings 8, Pt. 2",The Biggest Dreamer
Kim,I'm in Love,I'm in Love
Years & Years,If You're Over Me,If You're Over Me
Anime Project,Anison Box Vol.18,Harukaze
Panama Band,Orquestas de Galicia,Mi Primer Millón
Meteoros,Meteoros,Decirnos la Verdad
WALK THE MOON,What If Nothing,One Foot
Ximena Sariñana,No todo lo puedes dar,La Vida No Es Fácil
Treo,Te He Prometido,Te He Prometido
Felipe Peláez,Vivo Pensando En Ti (feat. Maluma),Vivo Pensando En Ti (feat. Maluma)
Jason Derulo,Want to Want Me,Want to Want Me
AmaLee,Red Swan,Red Swan
Andres De Leon,Como Empezar de Nuevo,Para Encontrarte
Dave Does Music,Over The Top,Over The Top
Laharl Square,"Zen Zen Zense (From ""Kimi no Na Wa"")","Zen Zen Zense (From ""Kimi no Na Wa"")"
Salta La Banca,¡Eureka!,Faquir
Ellie Goulding,Sixteen,Sixteen
Joe Vasconcellos,Mágico: El Recital (En Vivo),La Joya del Pacífico - En Vivo
Redfoo,Where The Sun Goes (feat. Stevie Wonder),Where The Sun Goes (feat. Stevie Wonder)
Olly Murs,Wrapped Up (feat. Travie McCoy),Wrapped Up (feat. Travie McCoy)
Tisuby,Mi Otra Mitad,Mi Otra Mitad
"Sasha, Benny y Erik",Japi (feat. Edwin Luna y la Trakalosa),Japi (feat. Edwin Luna y la Trakalosa) - Versión Banda
Tinie Tempah,Not Letting Go (feat. Jess Glynne),Not Letting Go (feat. Jess Glynne)
Fifth Harmony,I'm In Love With a Monster,I'm In Love With a Monster
Prince Royce,Deja vu,Deja vu
UVERworld,Odd future,Odd future
James Bay,Chaos And The Calm,Move Together
L'Omy,Pa' Que La Metas En El iPod!,Suerte (Remix) [feat. Magnate & Valentino]
Maldita Nerea,Mira Dentro,El Secreto de las Tortugas - Version 2010
Ariana Grande,Dangerous Woman,Dangerous Woman
Audien,Daydreams,Monaco
AU-D,"El Degenerado, Pt. 1",En Donde Te Duele
Issac Delgado,Latino 59 presenta: Bailando,Bailando - Official Salsa Version
Belanova,Cásate Conmigo,Cásate Conmigo
Shayne Orok,"Black Catcher (From ""Black Clover"")","Black Catcher (From ""Black Clover"")"
AmaLee,Asphyxia,Asphyxia
Mike Bahía,Tarde - Single,Tarde
Jessica Sanchez,This Love,This Love
Yoan Amor & Team Impacto,Yo No Se Mañana,Yo No Se Mañana
Los Bonnitos,Dame la Mano,Algo Más
Juan Solo,Ni Solo Ni Mal Acompañado,Contigo Puedo Ser Quien Soy
SafetySuit,Looking Up,Looking Up
Daughtry,Daughtry,Over You
El Potro,Como Yo Te Quiero (feat. Yandel),Como Yo Te Quiero (feat. Yandel)
Vickeblanka,ウララ,Black Rover
Marshmello,FRIENDS,FRIENDS
Lizz Robinett,Red Swan,Red Swan
Daniela Spalla,Si Te Alejas,Si Te Alejas
Paty Cantú,"Amor, Amor, Amor","Amor, Amor, Amor"
Los Abuelos De La Nada,Abuelos 1982 / 1987,Mil Horas
Coti,Lo Dije Por Boca De Otro,Algo Está Cambiando
Anly,Anly One,Karano Kokoro
Periko & Jessi Leon,Me Vuelvo Loco,Me Vuelvo Loco
Shawn Mendes,I Know What You Did Last Summer,I Know What You Did Last Summer
Sergio Mayer Mori,Green Eyes,Green Eyes
Alkilados,El Orgullo,El Orgullo
Leona Lewis,I Am,Thunder
Halsey,Hold Me Down,Hold Me Down
Cesar Franco,"Star Talent Anime Concert, Vol. 1",El Gran Soñador
Adrian Mesu,It's Gonna Be,It's Gonna Be (feat. Diana Francesco) - Radio Edit
SCANDAL,Scandal,Shoujyo S
Termosismicos,"Anime Song's, Vol. 1 - EP",Mi corazon encantado
Alx Veliz,Dancing Kizomba,Dancing Kizomba - Spanish Version
Las Alas,Tusa,Tusa
Jayn,Seasons Die One After Another (Acoustic),Seasons Die One After Another (Acoustic)
Theishter,Watashi No Uso (Your Lie in April Original Soundtrack),Watashi No Uso (Your Lie in April Original Soundtrack)
Salta La Banca,¡Eureka!,Unos Versos
Aleks Syntek,Tan Cerquita / So Close (with Cristian Castro),Tan Cerquita (with Cristian Castro) - Radio Single Edit
Agapornis,AGP en Fiesta,Melodía de Dios (En Vivo)
Mon Laferte,La Trenza,Pa’ Dónde Se Fue
Ikimonogakari,Chou Ikimonobakari Tennen Kinen Members Best Selection,Netsujo No Spectrum
Hozier,From Eden EP,From Eden
Coti,Que Esperas,Olvidarte
Marielle Hazlo,Marielle,Estando Contigo
Mœnia,Stereo Hits,Ni Tú Ni Nadie
J Alvarez,El Movimiento: The Mixtape,Junto Al Amanecer
Mi Stereo,Baila Conmigo,Baila Conmigo
Sonny Monreal,Hacerte el Amor (feat. Dlm),Hacerte el Amor (feat. Dlm)
Aterciopelados,Florecita Rockera (Radio Edit) (feat. Goyo & Catalina García Barahona),Florecita Rockera (Radio Edit) (feat. Goyo & Catalina García Barahona)
Moral Distraida,Qué Cosa Es El Amor,Orgullo
Agapornis,No Es Grave Si Te Va Mal,"No Es Grave Si Te Va Mal - Tema de la Película ""Socios por Accidente 2"""
Fontana,Somos Dos,Somos Dos
"Sasha, Benny y Erik",Vuelta al Sol,Todo Tiene Su Lugar
The Covers Duo,Anime Openings 2,Resureccion (Shaman King)
Jenny And The Mexicats,Ome,Labios
Kòdul,Sense mirar enrere,Nits de carretera
Javier Neira,Contigo - Single,Contigo
Dudu Aharon,Terminal 3,Terminal 3
Matt McAndrew,Counting On Love,Counting On Love
Christian Daniel,Renacer,Ahora Que Te Vas
Caloncho,Fruta,Chupetazos
BRADIO,FREEDOM,-Freedom-
Grizfolk,Hymnals,Hymnals - RAC Mix
Nelson Arrrieta,Solo Por Ti (feat. Guaco),Solo Por Ti (feat. Guaco)
Maluma,Felices los 4,Felices los 4
Sie7e,Mucha Cosa Buena,Tengo Tu Love
Gustavo Elis,Te Extraño,Te Extraño
Los 5,Poquito Mas,Poquito Mas
Zara Larsson,Lush Life,Lush Life
Miura Jam,"It's All in the Game (From ""Boruto: Naruto Next Generations"")","It's All in the Game (From ""Boruto: Naruto Next Generations"")"
Bandalos Chinos,BACH,Súper V
Paulina Rubio,Paulina,Y Yo Sigo Aqui
La De Roberto,Hemisferios,Hemisferios
Glup!,Glup,Puta Jefe
Papá Changó,No Quiero Enamorarme Nunca Más,No Quiero Enamorarme Nunca Más
Pasabordo,Pasabordo,Brindo por Ella
Coti,Lo Dije Por Boca De Otro,¿Dónde Están Corazón?
Villa Cariño,15Añero,Prisionera
El Otro Polo,Claridad,Claridad
Cali Y El Dandee,Por Fin Te Encontré,Por Fin Te Encontré
CNCO,Tan Fácil,Tan Fácil - Spanish-Portuguese Version
Hiroyuki Sawano,"TV Anime ""Attack on Titan Season 2"" (Original Soundtrack)",Barricades
Siam,Nuestra Historia,Big Bang
Daniel Beta,EXOTICA,EXOTICA
Mi Sobrino Memo,Valiente,Valiente
Jesse & Joy,Te Esperé,Te Esperé
Sergio Sacoto,Dejarte Ir (feat. Au-D),Dejarte Ir (feat. Au-D)
Javiera Mena,Mena,Luz de Piedra de Luna
ChocQuibTown,Cuando Te Veo (Remix) (feat. Nicky Jam),Cuando Te Veo (Remix) (feat. Nicky Jam) - Urban Version
Ingrid Michaelson,Be OK,You and I
CNCO,Primera Cita,Devuélveme Mi Corazón
AmaLee,Nostalgia IV,"Unravel (From ""Tokyo Ghoul"")"
Allen Stone,Radius,Symmetrical
Mike Bahía,Buscándote,Buscándote - Version Salsa
Maluma,Borro Cassette,Borro Cassette - Versión Salsa Choke
Daniel Powter,Daniel Powter,Bad Day
Pasabordo,Pasabordo,Te Quiero Amar - Remix
PelleK,Covers Vol. 34,"Black Rover (From ""Black Clover"")"
Kyo Kimura,"Netsuretsu! Anison Spirits THE BEST -Cover Music Selection- TV Anime Series ""Digimon Series"" vol.1",Fire!! (''Digimon Frontier OP'')
Matisse,Sube,Cuando Te Encontré
Mon Laferte,La Trenza,Amárrame
Xantos,Revolucionario,Bailame Despacio
W. Darling,Chapter One,Learn To Love
Nicolás Silva,"Star Talent Anime Concert, Vol. 1",El Mundo He de Cambiar
Rozzi,Space,Psycho
Jason Derulo,Everything Is 4,Try Me (feat. Jennifer Lopez and Matoma)
Ken-Y,The King Of Romance,Como Lo Hacia Yo
Fernando Ubiergo,Acustico,El Tiempo En Las Bastillas - En Vivo
Illapu,Despedida Del Pueblo,Candombe Para José
Agapornis,AGP en Fiesta,Perfecta (En Vivo) (feat. Ale Sergi y Juliana Gattas de Miranda!)
Wiz Khalifa,See You Again (feat. Charlie Puth),See You Again (feat. Charlie Puth)
Justin Bieber,Purpose,Sorry
Years & Years,Y & Y EP,King
Miranda!,Fuerte,Enero (with Jesús Navarro)
Puerto Rican Power,2 Grandes de la Salsa Vol. 4,Tu Cariñito
Altafulla,Aguacero (Remix) [feat. Sonny & Vaech],Aguacero (Remix) [feat. Sonny & Vaech]
Mike Bahía,Estar Contigo - Single,Estar Contigo
Jason Derulo,Everything Is 4,Cheyenne
Ariana Grande,The Way,The Way - Spanglish Version
Los Prisioneros,Corazones,Tren Al Sur
Sapphire,"Shiki no Uta (From ""Samurai Champloo"")","Shiki no Uta (From ""Samurai Champloo"")"
Pitbull,No Lo Trates,No Lo Trates
Meghan Trainor,Title,No Good For You
Piso 21,Me Llamas (feat. Maluma),Me llamas (feat. Maluma) - Remix
CNCO,Primera Cita,Tan Fácil (feat. Wisin) - Urban Remix
Becky G,Mayores,Mayores
Juan Miguel,Como Tu,Como Tu
Salomé Anjarí,Gurenge (Kimetsu No Yaiba Opening),Gurenge (Kimetsu No Yaiba Opening)
Maná,Você É Minha Religião: O Melhor Do Maná,Você é minha religião (feat. Jorge & Mateus)
Halconizados de Amor,Fotos Viejas (feat. Zenon Pereyra),Fotos Viejas
Carlos Vives,Ella Es Mi Fiesta (feat. Maluma),Ella Es Mi Fiesta (feat. Maluma) - Remix
Marco Mares,La Sanadora,La Sanadora
Prince Royce,Culpa al Corazón,Culpa al Corazón
Santiago Cruz,Equilibrio,Una Historia Diferente
Gente De Zona,Visualízate,La Gozadera (feat. Marc Anthony) - Salsa Version
The Knocks,I Wish (My Taylor Swift),I Wish (My Taylor Swift)
Greeicy,Amantes,Amantes
Los 5,Mexico,Mexico
Los Amigos Invisibles,"Los Amigos Invisibles, Acústico",La Que Me Gusta - Versión Acústica
Neon Trees,Pop Psychology,Sleeping With A Friend
一二三,猛独が襲う,猛独が襲う
Ariana Grande,"thank u, next","thank u, next"
Keith Keniff,Branches,Branch
JENCARLOS,Bajito,Bajito
miwa,miwa the Best,chAngE
Caleb Hyles,Rewrite,Rewrite
Lasso,Sin Otro Sentido,Huyendo
Anuel AA,China,China
Cavanna,El dueño de tú corazón,El dueño de tú corazón - Radio Edit
Fito Paez,Giros,11 Y 6
Gustavo Cerati,Ahí Vamos,Crimen
Paulina Rubio,Pau Factor,Te Quise Tanto
Israel Kamakawiwo'ole,Alone In Iz World,Over the Rainbow
Efecto Pasillo,Tiembla la Tierra (Spotify Exclusive Version),Cuando Me Siento Bien
Salomé Anjarí,Anime Pawa Vol1,Netsujou No Spectrum
Chayanne,Qué Me Has Hecho (feat. Wisin),Qué Me Has Hecho (feat. Wisin)
CeeLo Green,Robin Williams,Robin Williams
Miguel Mateos - Zas,Solos en América,Cuando Seas Grande
WANIMA,Everybody!!,シグナル
Sam Smith,Lay Me Down,Lay Me Down
Audien,Something Better,Something Better
Prince Royce,Adicto (feat. Marc Anthony),Adicto (feat. Marc Anthony)
Daniel Huen,Cuanto Deseo - Single,Cuanto Deseo
Los Mesoneros,Caiga la Noche,Caballo Nuevo
Daniel Huen,Qué Fácil Es Quererte - Single,Que Facil es Quererte
Gaby Vega,"Star Talent Anime Concert, Vol. 1",Over Soul
JeanPhi La Calidad,Ella Se Pregunta,Ella Se Pregunta (feat. MG Windey)
Daughtry,Leave This Town,Life After You
Julieta Venegas,Limon Y Sal,Eres para Mí (with Anita Tijoux)
Miho Fukuhara,Music Is My Life,Let It Out
Levox,Shiki No Uta,Shiki No Uta
Los Mesoneros,Pangea,Pangea
Coti,Canciones Para Llevar,Antes Que Ver El Sol - Bonus Track
Nashville Cast,Ho Hey,Ho Hey
Farruko,Visionary,Te Va a Doler
Shakira,El Dorado,Perro Fiel (feat. Nicky Jam)
Conganas,Conganas,Mujer Divina
Prince Royce,Soy el Mismo,Darte un Beso
Llevarte a Marte,Cuando Tu Estas,Cuando Tu Estas
Lena,Crystal Sky,Traffic Lights
#TocoParaVos,De vez en cuando (feat. Los Bonnitos),De vez en cuando (feat. Los Bonnitos)
Mami,熱烈!アニソン魂 THE BEST カバー楽曲集 TVアニメシリーズ「ONE PIECE」vol.2,Fight Together (第493話〜516話 OP)
WALK THE MOON,What If Nothing,Can't Sleep (Wolves)
AmaLee,Nostalgia VII,"Flyers (From ""Death Parade"")"
Hearts & Colors,Steal My Girl - Single,Steal My Girl
Joaco Terán,Libres,Libres
Café Quijano,La Extraordinaria Paradoja Del Sonido Quijano,La Lola
Agapornis,De Bailadeta,Le Hace Falta un Beso
AmaLee,Nostalgia IV,Ready Steady Go (Fullmetal Alchemist)
Los 5,Mañana,Mañana
Charlie Wilson,Forever Charlie,Somebody Loves You
Rudimental,We The Generation,Lay It All On Me (feat. Ed Sheeran)
Paty Cantú,#Natural,#Natural
Allan Ramirez,Take My Hand,Take My Hand
Aleks Syntek,Leccion De Vuelo,Historias De Danzón Y De Arrabal
Andrés Vignau,Nadie Más Que Tú,Formas Parte
Fall Out Boy,Save Rock And Roll,Miss Missing You
Alessia Cara,Know-It-All,Scars To Your Beautiful
Músicxs De Chile,El Derecho de Vivir en Paz,El Derecho de Vivir en Paz
Audien,Daydreams,Pharaohs
Sixto Rein,Ojitos,Ojitos
Rihanna,American Oxygen,American Oxygen
Dread Mar I,Amor-es,Mi Amor
The Sam Willows,Take Heart,Take Heart
Tei Shi,Verde,Go Slow
Adrian Barba,Somos Una Sola Mente,Sola Nunca Estarás
Charlie Puth,One Call Away,One Call Away
The Covers Duo,J-Rock & Anicovers,Zen Zen Zense
Skypiece,Be Boy,Amegafurukara Nijigaderu
Animelmack,Wild Flowers (Zoids),Wild Flowers (Zoids)
DRIMS,DEMOS,Saturno
Years & Years,Communion,Gold
Piso 21,Déjala Que Vuelva (feat. Manuel Turizo),Déjala Que Vuelva (feat. Manuel Turizo)
みゆな,ガムシャラ,ガムシャラ
Ricky Martin,Vente Pa' Ca (feat. Maluma),Vente Pa' Ca (feat. Maluma)
Maná,Cama Incendiada,Adicto A Tu Amor
Safree,Sin Tu Voz,Sin Tu Voz
Gepe,Estilo Libre,Ser Amigos
4 AM,Me Late El Corazón,Me Late El Corazón
Maggie Vera,Anime Entre Amigos,Mi Corazón Encantado (Db Gt)
BRAVVO,Let Me Go,Let Me Go
Cadereira,"El Baquetón, Vol. 2",Yoga Pants - Original Mix
Mon Laferte,Tornasol,Ángel Negro
Milo,Alókate,Alókate
Primavera Club,Dorama,Dorama
Reik,Si Me Dices Que Sí (feat. Camilo),Si Me Dices Que Sí (feat. Camilo) - R3HAB Remix
Luis Enrique,Ciclos,Yo No Se Manana - Salsa Version
Panacea Project,#Panaceros 1,Vivir Mi Vida
Royal Tongues,Cut Me Loose (feat. Little Daylight),Cut Me Loose (feat. Little Daylight)
Alkilados,La Bicicleta,La Bicicleta
Daughtry,Baptized (Deluxe Version),Waiting for Superman
Reik,Des/Amor,We Only Have Tonight
Alkilados,14 Súper Éxitos Bailables,Una Cita (Remix)
Costera,Aliados,Paseo Sideral
Ludacris,Burning Bridges,Good Lovin
MisterWives,Machine,Machine
Tony Dize,La Melodia De La Calle 3rd Season,Duele El Amor
Mauren Mendo,"Star Talent Anime Concert, Vol. 1",Pegasus Fantasy
J Balvin,Energía,Sigo Extrañándote
Meghan Trainor,I'll Be Home,I'll Be Home
New Hollow,Why Don't You Love Me,Why Don't You Love Me
AmaLee,Nostalgia VII,"Hologram (From ""Fullmetal Alchemist: Brotherhood"")"
Los Prisioneros,Coleccion Suprema,Estrechez De Corazón
Mon Laferte,Tornasol,Vuelve por Favor
Salta La Banca,¡Eureka!,Faquir
Bongoyeyo,Ogundamassa,Cuanto Te Quiero (Bonus Track) [feat. Cestar]
Jake Miller,Rumors,Rumors
Circo Vulkano,El Reto,Loca
Years & Years,Eyes Shut,Eyes Shut
"Sasha, Benny y Erik",Entre Amigos,Punto de Partida - En Vivo Entre Amigos
Pasabordo,Pasabordo,Devuélveme la Vida
Abraham Mateo,Loco Enamorado,Loco Enamorado
Natiruts,Box Natiruts,"Sorri, Sou Rei (feat. Claudia Leitte)"
AmaLee,Make My Story,Make My Story
Anuel AA,"Sola (Remix) [feat. Daddy Yankee, Wisin, Farruko, Zion & Lennox]","Sola (Remix) [feat. Daddy Yankee, Wisin, Farruko, Zion & Lennox]"
Daichi Miura,Blizzard,Blizzard
Martin Garrix,Summer Days (feat. Macklemore & Patrick Stump of Fall Out Boy),Summer Days (feat. Macklemore & Patrick Stump of Fall Out Boy)
Panic! At The Disco,Pray for the Wicked,High Hopes
Jenny And The Mexicats,Sin Tus Estrellas,Sin Tus Estrellas
Resto del Mundo,Feels Like Something Started,Feels Like Something Started
Los Mesoneros,Pangea,Últimas Palabras
NIHILS,Help Our Souls (Urban Contact Radio Edit),Help Our Souls (Urban Contact Radio Edit)
Pasabordo,Pasabordo,Para Ti
Mohombi,MoveMeant,Bumpy Ride
Rodrigo Mercado,El fondo de la chistera,Las buenas costumbres
Mon Laferte,La Trenza,Que Sí
Zara Larsson,Never Forget You,Never Forget You
ITOWOKASHI,さいごまで/カナデアイ,カナデアイ
Mon Laferte,La Trenza,No Te Fumes Mi Mariguana
Nano Stern,San Diego 850,La Puta Esperanza
Ana Mena,Te Falta Veneno,Te Falta Veneno - Versión 2017
Joe Vasconcellos,Verde Cerca,Huellas
Elsa y Elmar,Eres Diamante,Mierda
Manu Pilas,Bella Ciao (Versión Lenta de la Música Original de la Serie la Casa de Papel / Money Heist),Bella Ciao - Versión Lenta de la Música Original de la Serie la Casa de Papel / Money Heist
Iskander,Fresas Con Vodka,A Labio Dulce
Juan Ingaramo,Clave,Clave
Jota Y Leo,Redes Sociales,Redes Sociales
Kendrick Lamar,To Pimp A Butterfly,King Kunta
Dame 5,Piel a Piel,Piel a Piel
León Larregui,Metrópolis,Rue Vieille Du Temple - Live
Covi Quintana,Yo Me Enamoré,Yo Me Enamoré
Smile,Ella Tiene Algo,Ella Tiene Algo
JENCARLOS,Dime,Dime
CNCO,Tan Fácil,Tan Fácil
Mau y Ricky,Mi Mala,Mi Mala
Mau y Ricky,Voy Que Quemo,Voy Que Quemo
"Wise ""the Gold Pen""",14F,Mi Angel (feat. Maluma & Ken Y)
Ana Tijoux,Vengo,Somos Sur
Los Mesoneros,Pangea,Dudo Que Lo Encuentres
Julio Camejo,Echando Pa'lante,Dame
Heffron Drive,Happy Mistakes (Unplugged),Passing Time (feat. Logan Henderson)
SAINTS OF VALORY,V,Long Time Coming
Scott MacIntyre,If I Had Wings (Original Music from the Motion Picture),If I Had Wings (Original Music from the Motion Picture)
Lucas & The Woods,Cultura Pop,Vampiro
Daughtry,Baptized (Deluxe Version),Baptized
PelleK,The National Anthem Metal Medley,Canción Nacional (Metal Version of the Chilean National Anthem)
AmaLee,Nostalgia V,Let It Out
Jason Mraz,Love Is a Four Letter Word,I Won't Give Up
Lola Club,Homónimo,Sólo Esta Noche
Alan Rojas,"Requiem Der Morgenröte (From ""Shingeki No Kyojin Season 3"") [TV Latino]","Requiem Der Morgenröte (From ""Shingeki No Kyojin Season 3"") [TV Latino]"
Nicky Romero,Lighthouse,Lighthouse - Radio Edit
Urband 5,#BPSU,Como eh
Daniela Spalla,Camas Separadas,Pinamar
Don Omar,Perdido En Tus Ojos,Perdido En Tus Ojos
Los Claxons,"Centro, Sur Y Al Otro Lado",Hasta Que Vuelvas a Verme
Sin Bandera,Sin Bandera,Sirena
Wamba,Cómplices,Canción del Mes
VI-EM,Canta,Loco de Amor
Cö Shu Nie,asphyxia,asphyxia
Natalie La Rose,Around The World,Around The World
Sebastian Yatra,Traicionera,Traicionera
Taichi Mukai,道,道
Miguel Mateos,Lo Esencial,Cuando Seas Grande
Daniel Huen,Baila (Sala Version) - Single,Baila (Salsa Version)
J Boog,Backyard Boogie,Sunshine Girl
Mano Arriba,El Equivocado,El Equivocado
Katy Tiz,Whistle (While You Work It),Whistle (While You Work It)
Agapornis,Agapornis - Volando Con Ritmo,"Te Extraño, Te Olvido, Te Amo"
Pasabordo,Noche Loca Remix,Noche Loca Remix
PelleK,"Covers, Vol. 35","Jenny of Oldstones (From ""Game of Thrones"")"
Maldita Nerea,Cuando Todas las Historias Se Acaban,Cuando Todas las Historias Se Acaban
Mrs. GREEN APPLE,TWELVE,愛情と矛先
Juan Palau,Pa la Playa,Pa la Playa
Wamba,Cómplices,Ofrezco Recompensa
Cidade do Reggae,Cidade do Reggae,Mother nature
RADWIMPS,人間開花,スパークル - original ver.
Mrs. GREEN APPLE,青と夏,青と夏
Mera,Me Voy de Viaje Solito,Me Voy de Viaje Solito
#TocoParaVos,Su Fiel Admirador,Su Fiel Admirador
Carlos Baute,Perdimos el control,Perdimos el control
Julia Michaels,Heaven,Heaven
Juan Magán,Quiero Que Sepas,Quiero Que Sepas
One Direction,Drag Me Down,Drag Me Down
Sara Bareilles,The Blessed Unrest,I Choose You
Landon Austin,Leave a Trace,Leave a Trace
Juancho Style,Te Quiero Ver Bailar,Te Quiero Ver Bailar
Pignoise,Lo Que Queda por Andar,Prométeme
Omar Acedo,Solo Contigo (Remix) [feat. El Potro Alvarez],Solo Contigo (Remix) [feat. El Potro Alvarez]
Caibo,Te Llevo en Mi Corazón (feat. Nacho) - Single,Te Llevo en Mi Corazón (feat. Nacho)
Jake Owen,Real Life,Real Life
Fonseca,Corazon,Te Mando Flores
Los Prisioneros,La Voz de los '80 (Edición 30 Años),Paramar
Arevalo,Así No Mas,Así No Mas
ASIAN KUNG-FU GENERATION,World World World,After Dark
Alkilados,Chiquita,Chiquita
Kenshi Yonezu,Lemon,Cranberry & Pancake
ITOWOKASHI,アイオライト/蒼い炎,蒼い炎
Demi Lovato,Cool for the Summer,Cool for the Summer
Alejandro Gonzalez,Le Hace Falta Un Beso (feat. Mike Bahía),Le Hace Falta Un Beso (feat. Mike Bahía)
Marama,Baila Nena,Bronceado
Steve Grand,All American Boy,All-American Boy
Esteman,Caótica Belleza,Baila
Noche de Brujas,Vivir Sin Tu Amor,Bailando
Daughtry,Baptized (Deluxe Version),Long Live Rock & Roll
DLD,Futura,Sigo Siendo Yo
Camila,Todo Cambio,Yo Quiero
Coti,Lo Dije Por Boca De Otro,Lento
Raon Lee,Kenshi Yonezu (米津玄師) - Lemon,Kenshi Yonezu (米津玄師) - Lemon
Khamari,Closer / Cold Water,Closer / Cold Water
Río Roma,Eres la Persona Correcta en el Momento Equivocado,Caminar de Tu Mano
La Hawaiian,Thinking out Loud,Thinking out Loud
Santa Banda,Te Voy a Querer,Pinta el Mundo
Gabriela Vega,Inuyasha,Grip
Chris August,The Maker,The Maker
NateWantsToBattle,Rakugaki Page,Rakugaki Page
Kobasolo,これくしょん,シルエット feat.MICO
Pia Mia,Do It Again,Do It Again
Mrs. GREEN APPLE,"Love me, Love you","Love me, Love you"
Reik,Indeciso,Indeciso
IAmChino,"Ay Mi Dios (feat. Pitbull, Yandel & Chacal)","Ay Mi Dios (feat. Pitbull, Yandel & Chacal)"
Nahko And Medicine For The People,Dark As Night,Black As Night
Residente,René,René
Cash,Dime Que Si,Dime Que Si
Levit,Huir de mi,Huir de mi
Mon Laferte,Mon Laferte,Orgasmo Para Dos - En Vivo
Unchain,Love & Groove Delivery vol.2,"One more time , One more chance"
Marco Mares,Estas Canciones Me Recuerdan a Ti,Bonito
Kendrick Lamar,Black Panther The Album Music From And Inspired By,All The Stars (with SZA)
AmaLee,Nostalgia V,Masayume Chasing
Ricardo Silva,Música de las Sagas de Dragón Ball,"Sola Nunca Estarás (Caprichosa) [Ending ""D.B. G T.""]"
Ramin Djawadi,The Night King (From Game Of Thrones: Season 8) [Music from the HBO Series],The Night King
Meteoros,Meteoros,Esclavos del Silencio
Benjamín Amadeo,Salvarme Ahora,Salvarme Ahora
Reik,Qué Gano Olvidándote (feat. Zion & Lennox),Qué Gano Olvidándote (feat. Zion & Lennox) - Versión Urbana
MisterWives,Our Own House,Our Own House
Rachel Platten,Fight Song - EP,Fight Song
Avicii,SOS,SOS
The Covers Duo,Anime Openings / Endings 7,Black Rover
Night Tempo,Better Days,Better Days
Mon Laferte,Mon Laferte,El Diablo
Yuri,"La Música Que Inspiró La Serie Original De Netflix, La Casa De Las Flores",Maldita Primavera - Remaster 2008
Musée Mécanique,From Shores of Sleep,Castle Walls - Instrumental
The Covers Duo,Anime Openings 6,We Are One Piece
Major Lazer,Cold Water,Cold Water - Lost Frequencies Remix
Marama,Todo Comenzó Bailando,Tal Vez
UNISON SQUARE GARDEN,UNISON SQUARE GARDEN The 1st Collection for streaming,シュガーソングとビターステップ
frederic,TOGENKYO,Kanashii Ureshii
Son Miserables,Son Miserables,Ganas de Verte
RADWIMPS,Your Name.,Nandemonaiya - Movie Version
The Chainsmokers,Closer,Closer
Los Claxons,Camino a Encontrarte (Edición Especial),Flores en Febrero
Sukima Switch,LINE,LINE - anime ver.
Erick Elera,Vuelve Pronto,Vuelve Pronto
Years & Years,Communion,Border
Bruno Mars,Finesse (Remix) [feat. Cardi B],Finesse - Remix; feat. Cardi B
Los Angeles Azules,Acaríñame,Acaríñame
Raon Lee,Kamado Tanjirou no Uta,Kamado Tanjirou no Uta
Rhose,Vol. III,Lo Siento
#TocoParaVos,Solo Necesito,Solo Necesito
CNCO,Reggaetón Lento (Remix),Reggaetón Lento (Remix)
Daniela Spalla,Camas Separadas,Viaje A La Luna
Noche de Brujas,Me Gusta Todo de Ti,Me Gusta Todo de Ti
Camilo,Favorito,Favorito
Zion & Lennox,Pierdo la Cabeza (Remix) [feat. Farruko & Yandel],Pierdo la Cabeza (Remix) [feat. Farruko & Yandel]
Alkilados,Pura Playa,Tengo
Gin Wigmore,Gravel & Wine,Kill Of The Night
Anglada Cerezuela,Manzana de Caramelo,El Reloj y Su Tic Tac
MC Mario,Love Is Who We Are,Love Is Who We Are
Nicky Jam,Fénix,Si Tú La Ves (feat. Wisin)
Esteman,Amor Libre,Amor Libre
Coti,Que Esperas,50 Horas
Chancho En Piedra,Grandes Exitos De Ayer y Oink!!,Multirricachon
Cazette,Sleepless (Jixie Remix),Sleepless (Jixie Remix)
#TocoParaVos,Vuelve Otra Vez,Vuelve Otra Vez
Manuel Turizo,Una Lady Como Tú,Una Lady Como Tú
Julieta Venegas,Si,Algo Está Cambiando
Vance Joy,Riptide,Riptide - One Bit Remix
Jonathan Young,Odd Future,Odd Future - Full Version
Fito Paez,Circo Beat,Mariposa tecknicolor
Reik,Des/Amor,Ya Me Enteré (feat. Nicky Jam) - Urban Version
AmaLee,Nostalgia II,Smile Bomb (Yu Yu Hakusho)
FLOW,Flow Anime Best Kiwami,7 -Seven-
Mandinga,We Don't Talk Anymore (Salsa Version),We Don't Talk Anymore (Salsa Version)
Stephan Altman,Little Boy (Original Soundtrack Album),When You Find Love (with Peter Barbee & Mark Pontius)
Madcon,Don't Worry (feat. Ray Dalton),Don't Worry (feat. Ray Dalton)
La Gusana Ciega,Borregos En La Niebla,Pasiflorine
Taxistas,Taxistas - Single,Besar el Cielo
Reik,Ahora,Qué Gano Olvidándote (feat. Zion & Lennox) - Versión Urbana
Olga Tañón,Vivo La Vida,Vivo La Vida
Coti,Que Esperas,Pequeña Lucha
Olly Murs,Right Place Right Time (Deluxe),Dance with Me Tonight
Daddy Yankee,Dura,Dura - Remix
Bruno Mars,24K Magic,That's What I Like
Tricker,"In My World (From ""Blue Exorcist"")","In My World (From ""Blue Exorcist"")"
FLOW,Howling,Howling
Bombai,Solo Si Es Contigo,Solo Si Es Contigo
Lenny code fiction,Montage,Make My Story
Drake,Views,One Dance
Grupo Extra,Traicionera,Traicionera - Bachata Radio Edit
Vicente Garcia,Spotify Singles,Dulcito e Coco - Recorded at Spotify Studios NYC
Agapornis,Agapornis - Volando Con Ritmo,Persiana Americana
AmaLee,Nostalgia VII,"Kesenai Tsumi (From ""Fullmetal Alchemist"")"
Ricky Martin,Tiburones,Tiburones - Remix
Raon Lee,Inferno,Inferno
Sara Hartman,Monster Lead Me Home,Monster Lead Me Home
Julian,Bonita Morena,Bonita Morena
Shane Harte,Let You Know,Let You Know
Campo De Almas.,Cada Minuto,Cada Minuto
Los Vasquez,Contigo Pop y Cebolla,Juana María
Cabas,Enamorandonos,Enamorandonos
Dread Mar I,Amor-es,Salvame
Luis Fonsi,Échame La Culpa,Échame La Culpa
Jesse & Joy,Un Besito Más,No soy una de esas (feat. Alejandro Sanz)
Gabriela Vega,Shaman King,Brave Heart
Agapornis,Agapornis - Volando Con Ritmo,Dónde Están Corazón
AmaLee,Nostalgia V,Samurai Heart
Mrs. GREEN APPLE,ロマンチシズム,ロマンチシズム
J Palacios,Por Que Tu Me Ignoras,Por Que Tu Me Ignoras
Mike Bahía,Buscándote,Buscándote - Radio Edit
Selena Gomez,Wolves,Wolves
Los Bonnitos,Sigamos Bailando,Dile
Debi Nova,Soy,Cupido
Dave Does Music,HOPE,HOPE
Beatriz Luengo,Bela Y Sus Moskitas Muertas,Ley De Newton (feat. Jesús Navarro)
The Covers Duo,Anime Openings 1,Olvida la Amargura (Ranma 1/2)
Cosculluela,Te Busco,Te Busco
Amaia Montero,Los Abrazos Rotos (with Alex Ubago),Los Abrazos Rotos (with Alex Ubago)
ATL,El Inicio,Algo Irreal
Anitta,Downtown,Downtown
Allen Stone,Radius,Upside
Agapornis,Agapornis - Volando Con Ritmo,Todo Está En Vos
iiReal,Con un Beso - Single,Con un Beso
Wamba,Cómplices,Otra Vez
Caleb Hyles,Odd Future,Odd Future
Reik,Amigos Con Derechos,Amigos Con Derechos
Reik,Reik,Niña
Gaby Vega,"Star Talent Anime Concert, Vol. 1",Yo Soy
Starley,Call On Me,Call on Me - Ryan Riback Remix
Jesse & Joy,Mañana Es Too Late,Mañana Es Too Late
Los Bohemios,Negrita Linda,Negrita Linda
Robin Schulz,Prayer,Sun Goes Down (feat. Jasmine Thompson) - Radio Mix
Tori Kelly,Unbreakable Smile,Should’ve Been Us
Vickeblanka,Black Catcher,Black Catcher
Shawn Mendes,Treat You Better,Treat You Better
FLETCHER,Live Young Die Free,Live Young Die Free
Carly Rae Jepsen,Emotion,When I Needed You
Cloudjumper,Jet Set Run,Jet Set Run - Orchestral Arrangement
Morenito De Fuego,Venta De Garage,Maldición Gitana (feat. Jonaz Gzz & Danny Fornaris)
Nikki Mackliff,Ya No Puedo Amarte,Ya No Puedo Amarte
Christian Pagán,La Amiga Mía,La Amiga Mía
Gabriel Pagan,Pom Pom,Pom Pom
Prince Royce,Double Vision,Back It Up (feat. Jennifer Lopez & Pitbull) - Video Version
Paula Rojo,Creer Para Ver,Miedo A Querer
Mrs. GREEN APPLE,サママ・フェスティバル!,サママ・フェスティバル!
Efya,Janesis,Heartbeat
Ne-Yo,Year Of The Gentleman,Miss Independent
Hailee Steinfeld,Love Myself,Love Myself
Ricardo Silva,Música de las Sagas de Dragón Ball,"La Fantastica Aventura (Opening ""Dragón Ball"")"
INNA,Bop Bop (feat. Eric Turner),Bop Bop (feat. Eric Turner)
Ricardo Silva,"Star Talent Anime Concert, Vol. 1",Impacto Rojo
Wisin,Escápate Conmigo,Escápate Conmigo
Alex Goot,Sorry,Sorry
Beatriz Luengo,Bela Y Sus Moskitas Muertas (Deluxe Edition),Ley De Newton (feat. Jesús Navarro) - Bachata Version
The Chainsmokers,Collage EP,Setting Fires
Michirutopia,"I Wish ADAMAS (From ""Digimon Adventure Tri & Sword Art Online: Alicization"")","I Wish (From ""Digimon Adventure Tri."") [Versión Latino / Japonés]"
Outasight,The Wild Life,The Wild Life
Jess Glynne,Hold My Hand,Hold My Hand
Gente De Zona,Traidora,Traidora
Major Lazer,Lean On (feat. MØ & DJ Snake),Lean On (feat. MØ & DJ Snake) - J Balvin & Farruko Remix
ChocQuibTown,El Mismo,Cuando Te Veo - Salsa Version
Motel,Motel,Dime ven - Live
Los Mesoneros,Pangea,Exprópiese
The Young Wild,Not a One,Not a One
Carlos Vives,La Bicicleta,La Bicicleta
Pentatonix,"PTX, Vol. III",Rather Be
FictionJunction,From the Edge (feat. LiSA),From the Edge (feat. LiSA)
Los Enanitos Verdes,Big Bang,Lamento Boliviano
Elle King,Love Stuff,Ex's & Oh's
COIN,COIN,Atlas
Ed Sheeran,÷,New Man
Kalimba,Cena para Desayunar,Juntos Caminando (feat. Vero de la Garza)
Bruno Mars,24K Magic,Finesse
Miura Jam,"Dan Dan Kokoro Hikareteku (From ""Dragon Ball GT"")","Dan Dan Kokoro Hikareteku (From ""Dragon Ball GT"")"
CNCO,CNCO,Bonita
JCMBL,The Nightlife EP,Im Not The Only One - JCMBL Remix
Mando,Ven Báilala,Ya No Estoy
Pasabordo,Paso a Paso,Quisiera
Marama,Baila Nena,Una Noche Contigo
Meteoros,Meteoros,No Me Acuerdo de Nada
Matisse,Cuando Te Encontré,Cuando Te Encontré
Afrojack,SummerThing!,SummerThing!
Los Bonnitos,Dame la Mano,Fantasmas
D-51,Mitsuyoko Ichimura,Brand New World
Reyno,Camino A Marte,Dualidad
Elefante,El Que Busca Encuentra,De la Noche a la Mañana
#TocoParaVos,Hasta la Luna,Hasta la Luna
John Diaz,Sorry,Sorry - Remix
L'Omy,Móntate En El Patín! Vol. 1,Di Que Sí (Versión Funk)
Daniel Huen,Baila,Baila
LiSA,Gurenge,Gurenge
Migrantes,Suena Migrantes!,Hasta la Luna
Ricky Furiati,Mientras Tú Me Quieras,Mientras Tú Me Quieras
Moonlight,Lets Get This Loud!,Lets Get This Loud!
Laharl Square,"Black Catcher (From ""Black Clover"")","Black Catcher (From ""Black Clover"")"
Mike Perry,The Ocean (feat. Shy Martin),The Ocean (feat. Shy Martin)
AmaLee,"Gurenge (From ""Demon Slayer"")","Gurenge (From ""Demon Slayer"")"
Lenny Tavárez,Fantasias,Fantasias
SOJA,Vive Latino XVI Años 2015 (XVI Festival Iberoamericano de Cultura Musical),I Believe
Forever in Your Mind,Sweet Little Something,Sweet Little Something
Imagine Dragons,Smoke + Mirrors,Shots - Broiler Remix
Paulina Rubio,Paulina,Yo No Soy Esa Mujer
Mariel Mariel,Foto Pa Ti,Los Bajos Vibran En Mi Pecho
Lawson,Roads,Roads
Alkilados,Magdalena Remix,Magdalena Remix
Mati Gómez,Yo No Sé,Yo No Sé - Remix
Daniela Spalla,Te Veo A La Salida,Te Veo A La Salida
Ana Victoria,Beso De Consolación,Beso De Consolación
Sara Bareilles,The Blessed Unrest,Satellite Call
CD9,EVOLUTION,I Feel Alive - Spanish Version
Mike Bahía,La Muñeca,La Muñeca
AmaLee,Nostalgia IV,Pray (Gintama)
MisterWives,Connect The Dots,Chasing This
Gepe,TKM,TKM
Camilo Séptimo,Navegantes,Contacto
Fonseca,Conexión,Entre Mi Vida y la Tuya
Piso 21,Quítate la Pena,Quítate la Pena
Young Killer,Sintiéndote,Sintiéndote
Kurt Hugo Schneider,Cold Water,Cold Water
Alkilados,Colombo Old School,Sola (Remix) [B-Side] (feat. Kevin Roldan)
Panic! At The Disco,Death of a Bachelor,Emperor's New Clothes
Pedropiedra,Pedropiedra (Reedición),Sol Mayor
CHVRCHES,Every Open Eye,Leave A Trace
Florida Georgia Line,Anything Goes,Sun Daze
Panic! At The Disco,Death of a Bachelor,House of Memories
Paulina Rubio,Nino Bravo. 40 Años Con Nino,Un Beso Y Una Flor
Roman Scott,Roman Scott - EP,Hold This Down (feat. Dean Curtis)
"Tito ""El Bambino""",It's My Time,"Sol, Playa Y Arena"
Juan Magán,He Llorado (Como Un Niño),He Llorado (Como Un Niño) - Lafame Salsa Rmx
MisterWives,Our Own House,Our Own House
OMI,Hula Hoop,Hula Hoop
Charles Perry,Stranger To Love,Stranger To Love
Christian Pagán,Bandida,Bandida
Daya,Daya,Hide Away
Alex Newell,Nobody To Love,Nobody to Love
Enio La Formula,Hot Salsa 2016,Travesuras - Salsa Version
Nano Stern,Voy Y Vuelvo,Casualidad
Coleman Hell,Take Me Up,Take Me Up
BIP,Merengue Plancha,La Maldita Primavera
AmaLee,Nostalgia,Cruel Angel's Thesis (Neon Genesis Evangelion)
Noche de Brujas,Vivir Sin Tu Amor,"Te amo, para siempre"
Guelo Deluxe,Olvidaré,Lo Cambiaste Todo
BRADIO,FREEDOM,Revolution
Jason Mraz,We Sing. We Dance. We Steal Things.,Butterfly
VI-EM,Canta,Piel Canela
Mon Laferte,La Trenza,Primaveral
Maldita Nerea,Es un Secreto...No Se Lo Digas a Nadie,El Secreto de las Tortugas
Gepe,Ciencia Exacta,Solo
Chino & Nacho,Andas En Mi Cabeza,Andas En Mi Cabeza
State of Sound,Wake Up Where You Are,Wake Up Where You Are
The Kite String Tangle,Vessel,Arcadia
Mon Laferte,La Trenza,Cielito De Abril
Chino & Nacho,Me Voy Enamorando,Me Voy Enamorando - Remix
Meteoros,Meteoros,No Hay Tiempo
Marama,Todo Comenzó Bailando,Noche Loca
Mrs. GREEN APPLE,Variety,StaRt
Penguin Prison,Lost in New York,Calling Out
Caramelos De Cianuro,8,Secreto
Carlos Vives,Volví a Nacer (feat. Maluma),Volví a Nacer (feat. Maluma)
Goldroom,It's Like You Never Went Away,Embrace
Dear Frederic,Outlast,Outlast - Tork Remix
Sabino,La Vida Es una Movie,La Vida Es una Movie
Bonny Lovy,Reina de Paris,Reina de Paris
Bang Bang Land,Somebody Better,Somebody Better
Anime Project,Anison Box Vol.4,Fight Together
Ezio Oliva,Siempre Has Sido Tu,Siempre Has Sido Tu
Tony Lenta,Pa'lante - Single,Pa'lante
Malacates Trebol Shop,Preciosa,Preciosa
Of Monsters and Men,Beneath The Skin,Empire
kankakupiero,#HAL,ハルカミライ
Axel,Ser,Que Nos Animemos (feat. Becky G)
Daniela Spalla,Rock Millennial,Pinamar
Florence + The Machine,Jenny of Oldstones (Game of Thrones),Jenny of Oldstones (Game of Thrones)
Pasabordo,Pasabordo,La Cura
Rudimental,We the Generation,Lay It All on Me (feat. Ed Sheeran)
WALK THE MOON,What If Nothing,Feels Good To Be High
Manu Pilas,Bella Ciao (Música Original de la Serie la Casa de Papel/ Money Heist),Bella Ciao - Música Original de la Serie la Casa de Papel/ Money Heist
Soda Stereo,Me Verás Volver (Hits & Más),Persiana Americana - Remasterizado 2007
Hedley,Wild Life,Crazy For You
Sebastian Yatra,Un Año,Un Año
Los Vasquez,Contigo Pop y Cebolla,Tú Me Hacas Falta
Neon Trees,Used To Like,Used To Like
AmaLee,Nostalgia V,Silhouette
John Newman,Come And Get It,Come And Get It
"Sasha, Benny y Erik",Vuelta al Sol,Punto de Partida
Luis Fonsi,8,Llegaste Tú
The Vamps,Wake Up,Wake Up
Mike Bahía,Déjame,Déjame
Taylor Phelan,Sweater Weather,Sweater Weather - The Voice Performance
Maroon 5,Cold,Cold
Roy Aguado,Tiger,Quién Te Crees
Kevin Roldan,Kevin Roldan (Special Edition),Si No Te Enamoras
Los Ajenos,Aprétame (feat. Ale Mendoza),Aprétame (feat. Ale Mendoza)
Beto Cuevas,Aquí (feat. María José),Aquí (feat. María José)
Daddy Yankee,Dura,Dura
Pedropiedra,Hipnotizada,Hipnotizada
Geek Music,La Casa De Papel (Money Heist) - My Life Is Going On - Main Theme,La Casa De Papel (Money Heist) - My Life Is Going On - Main Theme
Gallant,Weight In Gold,Weight In Gold
Sebastian Yatra,Traicionera,Traicionera
Kenshi Yonezu,Bootleg,Loser
Los Verduleros,Sin Tu Amor,Sin Tu Amor
Felix Jaehn,Ain't Nobody (Loves Me Better),Ain't Nobody (Loves Me Better)
Alkilados,Pura Playa,Respira
Seiko Oomori,JUSTadICE,JUSTadICE
Silvina Moreno,Sofá,La Despedida
Daddy Yankee,Que Tire Pa Lante,Que Tire Pa Lante
Salta La Banca,¡Eureka!,Unos Versos
Morrigans,Infinito,El infinito más allá
Agapornis,Agapornis - Volando Con Ritmo,Tratar De Estar Mejor
gnash,us,"i hate u, i love u (feat. olivia o'brien)"
Jorge Drexler,Sea,Me haces bien
Dave Does Music,Super Powers,Super Powers
Famasloop,Allí Estás,Allí Estás
Daniela Spalla,Ahora vienen por nosotros,Para nadie
Love of Lesbian,Manifiesto delirista,Manifiesto delirista
The Wombats,The Wombats Proudly Present... This Modern Glitch,1996
Grizfolk,From The Spark,Hymnals
Mägo de Oz,"Hechizos, pócimas y brujería",El libro de las sombras
Dominic Fike,"Don't Forget About Me, Demos",3 Nights
Tony Dize,"La Melodía de la Calle, 3rd Season",Duele el Amor
BoA,No Matter What,No Matter What
Karen Olivier,Lo Que Soñé,Quiero Besarte
FRANKIE,Dreamstate,Problems Problems
MisterWives,Reflections,Reflections
CNCO,Primera Cita,Para Enamorarte
Alkilados,Pura Playa,De Excursión
Luny Tunes,Mayor Que Yo 3,Mayor Que Yo 3
Piso 21,Besándote (feat. Anne-Marie),Besándote (feat. Anne-Marie) - Remix
Dave Does Music,Brand New World,Brand New World
Marlon,Haz conmigo lo que quieras,Haz conmigo lo que quieras
Los 4,Los Exitos,Tu de Que Vas
Alkilados,Me Ignoras - Single,Me Ignoras
Luis Enrique,Super Salsa 2010,Yo No Se Mañana
Grupo Extra,Bachata Exitos 2016,Te Vas
Jess Glynne,Ain't Got Far to Go,Ain't Got Far to Go
Rombai,Que Rico Baila,Que Rico Baila
Ana Tijoux,1977,1977
Muray,熱烈!アニソン魂 THE BEST カバー楽曲集 TVアニメシリーズ「ONE PIECE」vol.2,Share The World (第395話〜425話 OP)
Paramore,After Laughter,Pool
Rombai,Curiosidad,Curiosidad
Alex Begun,Sólo Contigo,Caso Perdido
MiC LOWRY,Oh Lord,Oh Lord
Kobasolo,KOBASOLO,Full power hero
The Covers Duo,Anime 10,Black Catcher
Agapornis,Agapornis - Volando Con Ritmo,Corre
CNCO,Primera Cita,Reggaetón Lento (Bailemos)
Jesse & Joy,Un Besito Más,¡Ay doctor!
La Nueva Banda Timbiriche,La Nueva Banda Timbiriche,"Tú,Tú,Tú"
JFab & Paola Fabre,Mia (Bachata Version),Mia (Bachata Version)
Villa Cariño,La Fiesta es de Nosotros,Serenata cruel
Daniela Spalla,Ahora vienen por nosotros,Arruinármelo
Charlie Puth,Some Type of Love,Some Type of Love
MisterWives,Oh Love,Oh Love
L'Omy,Móntate En El Patín! Vol. 1,Otra Cinta
Juanes,Querer Mejor,Querer Mejor
Reik,Des/Amor,Qué Gano Olvidándote
Chino & Nacho,Mi Niña Bonita - Reloaded,Tu Angelito
The Mills,Instinto (Dani 3palacios Remix),Instinto - Dani 3palacios Remix
Salo,Noche de Bodas,Noche de Bodas
Entrelineas,Se Siente Bien,Se Siente Bien
Gepe,Gp,En La Naturaleza (4-3-2-1-0) [feat. Pedropiedra]
Mando,Decirle Adiós,Decirle Adiós
Jonas Brothers,Sucker,Sucker
Randy & Sam,Lo Mejor del Reggaetón Romántico,Te Regalo Amores
Pentatonix,"PTX, Vol. III",La La Latch
Daniel Betancourth,Tus Colores,Tus Colores
Pontus Rasmusson,"Hold On, We're Going Home - Single","Hold On, We're Going Home"
Maluma,"Pretty Boy, Dirty Boy",Borro Cassette
Pasabordo,Paso a Paso,Te Quiero Amar
J Balvin,Mi Gente (feat. Beyoncé),Mi Gente (feat. Beyoncé)
Lauv,The Other,The Other
Marlon,Todo va a ir bien,Todo va a ir bien
Lalo Monte,Pense Que Te Olvide,Pense Que Te Olvide
Grillo Matto,Indestructible,Indestructible
Carlos Baute,Ando buscando (feat. Piso 21),Ando buscando (feat. Piso 21)
NateWantsToBattle,Seven Deadly Sins,Seven Deadly Sins
Fujifabric,Golden Time,Golden Time
Los Mesoneros,Pangea,Dime Como Tú Quieras
Ed Sheeran,÷,Galway Girl
Jesse & Joy,Jesse & Joy,Run
NateWantsToBattle,Odd Future,Odd Future
Nico & Vinz,That's How You Know (feat. Kid Ink & Bebe Rexha),That's How You Know (feat. Kid Ink & Bebe Rexha)
Alkilados,Respira (Club Mix Version),Respira - Club Mix Version
Shawn Hook,Sound Of Your Heart,Sound Of Your Heart
Elsa y Elmar,Grecia,Grecia
Mon Laferte,Tornasol,Tornasol
Elsa y Elmar,Eres Diamante,"Culpa, Tengo"
Childish Gambino,Summer Pack,Summertime Magic
Shayne Orok,Veil (Fire Force),Veil (Fire Force)
Linked Horizon,Shingeki no Kiseki,Guren no Yumiya
WALK THE MOON,TALKING IS HARD,Shut Up and Dance
Andy Grammer,Magazines Or Novels,"Honey, I'm Good."
Los Pericos,Soundamerica,Anónimos (feat. Carla Morrison)
Olly Murs,Right Place Right Time (Deluxe),Cry Your Heart Out
NIHILS,Help Our Souls,Help Our Souls
Wolfside,Lobo I,Dream Girl
Mon Laferte,La Trenza,Ana
AmaLee,Nostalgia V,Believe in Myself
Natalia Lafourcade,Hasta la Raíz,Hasta la Raíz - Canova's Root Version
OMI,Cheerleader (Remixes),Cheerleader
Fuego,Una Vaina Loca (Official Remix),Una Vaina Loca - Official Remix
Mike Posner,The Truth,I Took A Pill In Ibiza - Seeb Remix
Little Jesus,Río Salvaje,TQM
Xuso Jones,Vuela,Somos
The Weeknd,Starboy,I Feel It Coming
Gente De Zona,Visualízate,Traidora (feat. Marc Anthony) - Salsa Version
DNCE,SWAAY,Cake By The Ocean
AmaLee,"Might+U (from ""My Hero Academia"")","Might+U (from ""My Hero Academia"")"
Vitaa,Just me myself & moi-même,Bella ciao
Victor Drija,Romance Dance,Tu Caballero
Daddy Yankee,Adictiva,Adictiva
Proyecto Uno,Beautiful Lady,Beautiful Lady
La Ley,Retour,Olvidar
Francisca La Braza,Francisca La Braza,Batida do Amor
The Mowgli's,Kids In Love,I'm Good
Lucas Arnau,Buen Camino,De La Mano (feat. Minek)
Marissa Mur,Arráncame,Arráncame
Mr. Paradise,Forastero,Forastero
Maldita Nerea,Bailarina,Bailarina
Los Prisioneros,Coleccion Suprema,Tren Al Sur
Karl Wolf,WOW,Not Over Me Yet
Alvaro Soler,Sofia,Sofia
Maluma,11:11,Te Quiero
Juanes,La Plata,La Plata (feat. Lalo Ebratt)
AmaLee,Nostalgia IV,We Are! (One Piece)
Feid,Morena,Morena
Pol Sebastian,Las Mejores Canciones del Pop Rock Romántico en Español. Lo Mejor de la Música Romántica de los Años 90's y 2000's,Por un Beso de la Flaca
Chayanne,En Todo Estaré (Deluxe Edition),Humanos a Marte
Major Lazer,Cold Water,Cold Water
El Clubo,Diez,Descarado
Trebles and Blues,The Blue Note,An Evening in Osaka
ShiroNeko,"Black Catcher (From ""Black Clover"")","Black Catcher (From ""Black Clover"")"
Clean Bandit,New Eyes,Rather Be (feat. Jess Glynne)
CNCO,Primera Cita,Primera Cita
The Sam Willows,Spotify Sessions,Take Heart - Spotify Sessions
Fitz and The Tantrums,More Than Just a Dream,Fools Gold
Naughty Boy,Home,Home - Fedde Le Grand Radio Edit
Los Prisioneros,"Musicos, Poetas Y Locos",La Voz De Los '80
ALL OFF,Refrain Boy,Refrain Boy - English Version
Alex Aiono,Young & Foolish,Young & Foolish
KURT,La Mujer Perfecta,La Mujer Perfecta
The Weeknd,Often,Often
Pusho,La Realidad (Remix),La Realidad (Remix)
Don Omar,Don Omar Presents MTO2: New Generation,Dutty Love
Jesse & Joy,Tanto,Tanto
The Covers Duo,Senbonzakura,Senbonzakura
DNCE,SWAAY,Toothbrush
Maná,Rayando El Sol (feat. Pablo Alborán),Rayando El Sol (feat. Pablo Alborán)
BRADIO,FREEDOM,Back To The Funk
Temple Sour,Te Gustó,Te Gustó
Taichi Mukai,PURE,リセット
Adrian Barba,"Brave Heart (From ""Digimon Adventure"")","Brave Heart (From ""Digimon Adventure"")"
Los Mesoneros,Caiga la Noche,Solo
Shakira,Chantaje (feat. Maluma),Chantaje (feat. Maluma) - Versión Salsa
Coti,Que Esperas,50 Horas
biosphere,strangers,strangers
Mendez,Fiesta (House Party),Fiesta (House Party) - Cottage Mix
Rombai,Segundas Intenciones,Segundas Intenciones
GALNERYUS,HUNTING FOR YOUR DREAM (TYPE-A),departure!
Pedrina y Rio,Canciones sin ropa,Serás
Olly Murs,Right Place Right Time (Deluxe),Army of Two
Zion & Lennox,Ganas de Ti,Ganas de Ti
Family of the Year,Loma Vista,Hero
Marama,Nena,Nena
Consuelo Schuster,Caminante,Por Qué Te Vas
Julieta Venegas,Limon Y Sal,Me Voy
SymaG,三途ノ川,アウトサイダー
Jarabe De Palo,La Flaca - Edición 10º Aniversario,La flaca
The Covers Duo,Anime Openings / Endings 7,Again
Nicolas Mayorca,Corazón de Cartón - Remix,Corazón de Cartón - Remix
Ana Tijoux,La Bala,Shock
Mon Laferte,"La Música Que Inspiró La Serie Original De Netflix, La Casa De Las Flores",Tormento
Nicky Jam,El Perdón,El Perdón - Forgiveness
Lacandona Social Sound,No Hay Tregua,Avanza
Armin van Buuren,Another You,Another You
Kygo,Sexual Healing,Sexual Healing - Kygo Radio Edit
Animelmack,Get Along (Slayers),Get Along (Slayers)
CNCO,Hey DJ,Hey DJ
La Ley,Retour,El Duelo
Coti,Que Esperas,Profundidad
Banda El Recodo,Mi Vicio Más Grande,Las Fresas - Version Urban
Alexis y Fido,Piden Perreo... Lo Más Duro (Deluxe Edition),5 Letras
Jade,"Star Talent Anime Concert, Vol. 1",Olvida la Amargura
Morrigans,Infinito,Salitre
JENCARLOS,Por Algo Será,Por Algo Será
Feel The Weekend,Can't Feel My Face,Can't Feel My Face
PANDA,Amantes Sunt Amentes,Procedimientos para Llegar a un Común Acuerdo
Dvicio,Justo Ahora,Enamorate
Morat,"Yo Contigo, Tú Conmigo","Yo Contigo, Tú Conmigo - The Gong Gong Song / El Tema De La Película ""Gru 3 Mi Villano Favorito"""
Colins,Aviones de Papel,Aviones de Papel
Isa Mebarak,Cosa Buena,Ni Te Vistas Que No Vas
Dani J,Pobre diablo (feat. David Parejo),Pobre diablo (feat. David Parejo) - Radio Edit
Leslie Grace,Duro y Suave,Duro y Suave
Tom & Collins,Malo,Malo
Caloncho,PA,Bolita De Pan
NerdBallerTV,Blue (feat. J-Hype),Blue (feat. J-Hype)
The Queen & King,Where Are Ü Now,Where Are Ü Now
Marc E. Bassy,Groovy People,You & Me
Animelmack,Butterfly (Digimon Tri),Butterfly (Digimon Tri)
Manel Navarro,Do It for Your Lover,Do It for Your Lover - Eurovision 2017
Panic! At The Disco,Death of a Bachelor,Victorious
A Cámara Lenta,Bendita Locura,De Ocho y Cuarto Hasta las Diez
Chancho En Piedra,Funkybarítico Hedónico Fantástico,Tren a la Luna
Enrique Iglesias,DUELE EL CORAZON (feat. Wisin),DUELE EL CORAZON (feat. Wisin)
Clean Bandit,Tears (feat. Louisa Johnson),Tears (feat. Louisa Johnson)
Daniel Huen,Olas del Mar - Single,Olas del Mar
PelleK,"Covers, Vol. 29","Hikaru Nara (From ""Your Lie in April"")"
Jorge Domínguez,La Vecina (Music From The Original TV Series),Ella Es
Los Prisioneros,"Musicos, Poetas Y Locos",Por Qué No Se Van
Justin Bieber,What Do You Mean?,What Do You Mean?
BYNON,Hey Hey,Hey Hey
Ariana Grande,My Everything,One Last Time
BRADIO,LA PA PARADISE,LA PA PARADISE
Reykon,Imaginándote (feat. Daddy Yankee),Imaginándote (feat. Daddy Yankee)
Jim Adkins,I Will Go,Girls Just Want To Have Fun
Charliepapa,Y/O,Merlina
THE RAMPAGE from EXILE TRIBE,THROW YA FIST,DOWN BY LAW
Cesar Franco,"Star Talent Anime Concert, Vol. 1",Mariposa
Wamba,Cómplices,Desapareces
Pachará,Espiritual,Espiritual
3年E組うた担(渚&茅野&業&磯貝&前原),バイバイ YESTERDAY,バイバイ YESTERDAY
Ce'Cile,Major Riddim (Don Corleon Presents),Take My Heart
Zion & Lennox,Pierdo la Cabeza,Pierdo la Cabeza
Noche de Brujas,El Sueño de Todos,Rey Arturo
Maikel Delacalle,Replay,Replay
Los Bonnitos,Sigamos Bailando,Cae el Sol
Pentatonix,Pentatonix (Deluxe Version),Cheerleader
Kevin Roldan,The Beginning,Una Noche Más
Miura Jam,Stories (Black Clover),Stories (Black Clover)
Mœnia,FM,Morir Tres Veces
Chancho En Piedra,Grandes Exitos De Ayer y Oink!!,Volantín
Reik,Reik,Yo Quisiera
Jade,La Voz Más Dulce del Anime y Comic,Pegasus Fantasy (Los Caballeros del Zodiaco Omega) - De Película
Mane de la Parra,Me Gusta (feat. Jorge Villamizar),Me Gusta (feat. Jorge Villamizar)
Night Tempo,杏里 - Night Tempo presents ザ・昭和グルーヴ,Lady Sunshine (Night Tempo Showa Groove Mix)
Jon Bellion,All Time Low,All Time Low
Jonas Blue,Fast Car,Fast Car
Tsuyu,Aniway Vol.2,Renai Circulation
NateWantsToBattle,99.9,99.9
Cato Anaya,Sinner (Radio Edit) (feat. Adam Joseph),Sinner (Radio Edit) (feat. Adam Joseph)
Reik,Des/Amor,Vámonos Lejos
Yellow Mellow,Phantom Limb,Phantom Limb
Carlos Vives,Robarte un Beso,Robarte un Beso
CNCO,Primera Cita,No Entiendo
Rombai,De Fiesta,Curiosidad
Justin Bieber,Purpose,Love Yourself
Mone Kamishiraishi,chouchou,なんでもないや - movie ver.
Joey Montana,Moribundo,Moribundo
Rombai,Adiós,Adiós
Piso 21,Suele Suceder,Suele Suceder - Remix
PelleK,"Covers, Vol. 32",Guren No Yumia (Spanish Version)
The Covers Duo,Anime Openings 1,Cha-La Head Cha-La (DBZ)
Rawayana,Vengase II,Vengase II
Jota Y Leo,Eres,Eres
Namie Amuro,Finally,Hope
Playa Limbo,De Días y de Noches (En Vivo),Piérdeme el Respeto - En Vivo [Centro Cultural Roberto Cantoral]
Diego Boneta,Ur Love,Ur Love
Pipe Bueno,La Invitación (feat. Maluma),La Invitación (feat. Maluma)
Gepe,Un Amor Violento,Un Amor Violento
Raon Lee,Veil,Veil
Mrs. GREEN APPLE,インフェルノ,インフェルノ
AmaLee,"Polaris (From ""My Hero Academia"")","Polaris (From ""My Hero Academia"")"
Mrs. GREEN APPLE,TWELVE,Speaking
The Young Professionals,Remixes & Covers,All Of It But Me
El Tambor De La Tribu,Prendido a Ti,Prendido a Ti
"Sasha, Benny y Erik",Primera Fila Sasha Benny Erik,Como Hemos Cambiado - Primera Fila
Barack Obama,Clarify: Get Out the Vote,A Reminder to Vote from the President
Alan,Mi Realidad,Prendiendo fuego
Mirella Cesa,A Besos (Acoustic Version),A Besos (Acoustic Version)
Anime Project,Anison Box Vol.7,Hotaruno Hikari
Pasabordo,Brindo por Ella,Brindo por Ella
EGOIST,Extra Terrestrial Biological Entities,Departures - Anata Ni Okuru Ai No Uta
BoA,WHO'S BACK?,MASAYUME CHASING
Cesar Franco,Mi Corazon Encantado,Mi Corazon Encantado
R5,Sometime Last Night,F.E.E.L.G.O.O.D.
Animelmack,Brave Heart (Digimon),Brave Heart (Digimon)
Elsa y Elmar,Ojos Noche,Ojos Noche
High Dive Heart,Vintage,Vintage
Tan Bionica,Hola Mundo,Hola Mi Vida
Shakira,Clandestino,Clandestino
Izaak,Solo Sueños,Solo Sueños
Kid Astray,Home Before the Dark (Deluxe Version),Diver
Felipe Santos,No me dejes así,No me dejes así (feat. Cali y El Dandee)
Years & Years,Real,Real
Duzan,Solo Tú,Me gusta todo de ti
Coti,Que Esperas,Días
Benjamín Amadeo,Te Imaginé,Te Imaginé
Cecilia Krull,"My Life Is Going On (Cecilia Krull vs. Gavin Moss) [Música Original de la Serie de TV ""La Casa de Papel""]","My Life Is Going On (Cecilia Krull vs. Gavin Moss) [Música Original de la Serie de TV ""La Casa de Papel""]"
Mc Brow,Legado,Esto Es Amor
Daniela Spalla,Pinamar,Pinamar
Los Mesoneros,Pangea,Prefiero No Saber
Carly Rae Jepsen,Run Away With Me,Run Away With Me
Alex Sparrow,She's Crazy but She's Mine,She's Crazy but She's Mine
Megan Davies,"See You Again, Love Me Like You Do, Sugar","See You Again, Love Me Like You Do, Sugar - Acoustic Mashup"
AmaLee,Nostalgia IV,Rolling Star (Bleach)
AmaLee,"Glassy Sky (From ""Tokyo Ghoul"")","Glassy Sky (From ""Tokyo Ghoul"")"
